神锤火山-山地,神锤火山-山地,神锤火山-山地,神锤火山-山地,神锤火山-山地,神锤火山-山地,神锤火山-山地,神锤火山-山地,,神锤火山-山地,神锤火山-山地,神锤火山-山地,神锤火山-山地,神锤火山-山地,神锤火山-山地,神锤火山-山地,神锤火山-山地,神锤火山-山地,神锤火山-山地,神锤火山-山地,神锤火山-山地,神锤火山-洞穴,神锤火山-洞穴,神锤火山-洞穴,,,,神锤火山-洞穴,神锤火山-洞穴,,,神锤火山-山地,神锤火山-岸边,,神锤火山-岸边,灰烬山脉-山地,神锤火山-雪地,神锤火山-雪地,神锤火山-雪地,神锤火山-雪地,,,,,,,,,,,银光群岛-岸边,银光群岛-岸边,银光群岛-岸边,银光群岛-岸边,银光群岛-岸边,银光群岛-岸边,银光群岛-岸边,银光群岛-岸边,银光群岛-岸边,银光群岛-岸边,,,,,,,,,,,北境冰海-雪地,北境冰海-雪地,北境冰海-雪地,北境冰海-雪地,北境冰海-雪地,北境冰海-雪地,北境冰海-雪地,北境冰海-雪地,北境冰海-雪地,北境冰海-雪地,北境冰海-雪地,北境冰海-雪地,北境冰海-雪地,北境冰海-雪地,北境冰海-雪地,北境冰海-雪地,北境冰海-雪地,北境冰海-雪地,北境冰海-雪地,北境冰海-雪地,北境冰海-雪地,北境冰海-雪地,北境冰海-雪地,北境冰海-雪地,北境冰海-雪地,北境冰海-雪地,北境冰海-雪地,北境冰海-雪地,北境冰海-雪地,北境冰海-岸边
神锤火山-山地,神锤火山-山地,神锤火山-山地,神锤火山-山地,神锤火山-山地,神锤火山-山地,神锤火山-山地,神锤火山-山地,,神锤火山-山地,神锤火山-山地,神锤火山-山地,神锤火山-山地,神锤火山-山地,神锤火山-山地,神锤火山-山地,神锤火山-山地,神锤火山-山地,神锤火山-山地,神锤火山-山地,神锤火山-山地,,,神锤火山-洞穴,,,,神锤火山-洞穴,神锤火山-洞穴,神锤火山-洞穴,,神锤火山-山地,神锤火山-岸边,,神锤火山-岸边,灰烬山脉-山地,神锤火山-雪地,神锤火山-雪地,神锤火山-雪地,神锤火山-雪地,,,,,,,,,,,银光群岛-岸边,银光群岛-草地,银光群岛-草地,银光群岛-草地,银光群岛-草地,银光群岛-草地,银光群岛-草地,银光群岛-草地,银光群岛-草地,银光群岛-岸边,,,,,,,,,,,北境冰海-雪地,北境冰海-雪地,北境冰海-雪地,北境冰海-雪地,北境冰海-雪地,北境冰海-雪地,北境冰海-雪地,北境冰海-雪地,北境冰海-雪地,北境冰海-雪地,北境冰海-雪地,北境冰海-雪地,北境冰海-雪地,北境冰海-雪地,北境冰海-雪地,北境冰海-雪地,北境冰海-雪地,北境冰海-雪地,北境冰海-雪地,北境冰海-雪地,北境冰海-雪地,北境冰海-雪地,北境冰海-雪地,北境冰海-雪地,北境冰海-雪地,北境冰海-雪地,北境冰海-雪地,北境冰海-雪地,北境冰海-雪地,北境冰海-岸边
神锤火山-山地,神锤火山-山地,神锤火山-山地,神锤火山-山地,神锤火山-山地,神锤火山-山地,神锤火山-山地,神锤火山-山地,,神锤火山-山地,神锤火山-山地,神锤火山-山地,神锤火山-山地,神锤火山-山地,神锤火山-山地,神锤火山-山地,神锤火山-山地,神锤火山-山地,神锤火山-山地,神锤火山-山地,神锤火山-山地,,,神锤火山-洞穴,,,,神锤火山-洞穴,,神锤火山-洞穴,,神锤火山-山地,神锤火山-岸边,,神锤火山-岸边,灰烬山脉-山地,神锤火山-雪地,神锤火山-雪地,神锤火山-雪地,神锤火山-雪地,,,,,,,,,,,银光群岛-岸边,银光群岛-草地,银光群岛-山地,银光群岛-山地,银光群岛-山地,银光群岛-山地,银光群岛-山地,银光群岛-山地,银光群岛-草地,银光群岛-岸边,,,,,,,,,,,北境冰海-雪地,北境冰海-雪地,北境冰海-雪地,北境冰海-雪地,北境冰海-雪地,北境冰海-雪地,北境冰海-雪地,北境冰海-雪地,北境冰海-雪地,北境冰海-雪地,北境冰海-雪地,北境冰海-雪地,北境冰海-雪地,北境冰海-雪地,北境冰海-雪地,北境冰海-雪地,北境冰海-雪地,北境冰海-雪地,北境冰海-雪地,北境冰海-雪地,北境冰海-雪地,北境冰海-雪地,北境冰海-雪地,北境冰海-雪地,北境冰海-雪地,北境冰海-雪地,北境冰海-雪地,北境冰海-雪地,北境冰海-雪地,北境冰海-岸边
神锤火山-山地,神锤火山-山地,神锤火山-山地,神锤火山-山地,神锤火山-山地,神锤火山-山地,神锤火山-山地,神锤火山-山地,,神锤火山-山地,神锤火山-山地,神锤火山-山地,神锤火山-山地,神锤火山-山地,神锤火山-山地,神锤火山-山地,神锤火山-山地,神锤火山-山地,神锤火山-山地,神锤火山-山地,神锤火山-山地,,,神锤火山-洞穴,神锤火山-洞穴,,,神锤火山-洞穴,,神锤火山-洞穴,,神锤火山-山地,神锤火山-岸边,,神锤火山-岸边,灰烬山脉-山地,神锤火山-雪地,神锤火山-雪地,神锤火山-雪地,神锤火山-雪地,,,,,,,,,,,银光群岛-岸边,银光群岛-草地,银光群岛-山地,银光群岛-山地,银光群岛-山地,银光群岛-山地,银光群岛-山地,银光群岛-山地,银光群岛-草地,银光群岛-岸边,,,,,,,,,,,北境冰海-雪地,北境冰海-雪地,北境冰海-雪地,北境冰海-雪地,北境冰海-雪地,北境冰海-雪地,北境冰海-雪地,北境冰海-雪地,北境冰海-雪地,北境冰海-雪地,北境冰海-雪地,北境冰海-雪地,北境冰海-雪地,北境冰海-雪地,北境冰海-雪地,北境冰海-雪地,北境冰海-雪地,北境冰海-雪地,北境冰海-雪地,北境冰海-雪地,北境冰海-雪地,北境冰海-雪地,北境冰海-雪地,北境冰海-雪地,北境冰海-雪地,北境冰海-雪地,北境冰海-雪地,北境冰海-雪地,北境冰海-雪地,北境冰海-岸边
神锤火山-山地,神锤火山-山地,神锤火山-山地,神锤火山-山地,神锤火山-山地,神锤火山-山地,神锤火山-山地,神锤火山-山地,,神锤火山-山地,神锤火山-山地,神锤火山-山地,神锤火山-山地,神锤火山-山地,神锤火山-山地,神锤火山-山地,神锤火山-山地,神锤火山-山地,神锤火山-山地,神锤火山-山地,神锤火山-山地,,,神锤火山-洞穴,神锤火山-洞穴,神锤火山-洞穴,神锤火山-洞穴,神锤火山-洞穴,,神锤火山-洞穴,,神锤火山-山地,神锤火山-岸边,,神锤火山-岸边,灰烬山脉-山地,神锤火山-雪地,神锤火山-雪地,神锤火山-雪地,神锤火山-雪地,,,,,,,,,,,银光群岛-岸边,银光群岛-草地,银光群岛-山地,银光群岛-山地,银光群岛-山地,银光群岛-山地,银光群岛-山地,银光群岛-山地,银光群岛-草地,银光群岛-岸边,,,,,,,,,,,北境冰海-雪地,北境冰海-雪地,北境冰海-雪地,北境冰海-雪地,北境冰海-雪地,北境冰海-雪地,北境冰海-雪地,北境冰海-雪地,北境冰海-雪地,北境冰海-雪地,北境冰海-雪地,北境冰海-雪地,北境冰海-雪地,北境冰海-雪地,北境冰海-雪地,北境冰海-雪地,北境冰海-雪地,北境冰海-雪地,北境冰海-雪地,北境冰海-雪地,北境冰海-雪地,北境冰海-雪地,北境冰海-雪地,北境冰海-雪地,北境冰海-雪地,北境冰海-雪地,北境冰海-雪地,北境冰海-雪地,北境冰海-雪地,北境冰海-岸边
神锤火山-山地,神锤火山-山地,神锤火山-山地,神锤火山-山地,神锤火山-山地,神锤火山-山地,神锤火山-山地,神锤火山-山地,,神锤火山-山地,神锤火山-山地,神锤火山-山地,神锤火山-山地,神锤火山-山地,神锤火山-山地,神锤火山-山地,神锤火山-山地,神锤火山-山地,神锤火山-山地,神锤火山-山地,神锤火山-山地,,,,,,,,,神锤火山-洞穴,,神锤火山-山地,神锤火山-岸边,,神锤火山-岸边,灰烬山脉-山地,神锤火山-雪地,神锤火山-雪地,神锤火山-雪地,神锤火山-雪地,,,,,,,,,,,银光群岛-岸边,银光群岛-草地,银光群岛-山地,银光群岛-山地,银光群岛-山地,银光群岛-山地,银光群岛-山地,银光群岛-山地,银光群岛-草地,银光群岛-岸边,,,,,,,,,,,北境冰海-雪地,北境冰海-雪地,北境冰海-雪地,北境冰海-雪地,北境冰海-雪地,北境冰海-雪地,北境冰海-雪地,北境冰海-雪地,北境冰海-雪地,北境冰海-雪地,北境冰海-雪地,北境冰海-雪地,北境冰海-雪地,北境冰海-雪地,北境冰海-雪地,北境冰海-雪地,北境冰海-雪地,北境冰海-雪地,北境冰海-雪地,北境冰海-雪地,北境冰海-雪地,北境冰海-雪地,北境冰海-雪地,北境冰海-雪地,北境冰海-雪地,北境冰海-雪地,北境冰海-雪地,北境冰海-雪地,北境冰海-雪地,北境冰海-岸边
神锤火山-山地,神锤火山-山地,神锤火山-山地,神锤火山-山地,神锤火山-山地,神锤火山-山地,神锤火山-山地,神锤火山-山地,,神锤火山-山地,神锤火山-山地,神锤火山-山地,神锤火山-山地,神锤火山-山地,神锤火山-山地,神锤火山-山地,神锤火山-山地,神锤火山-山地,神锤火山-山地,神锤火山-山地,神锤火山-山地,,,神锤火山-洞穴,神锤火山-洞穴,,,,,神锤火山-洞穴,,神锤火山-山地,神锤火山-岸边,,神锤火山-岸边,灰烬山脉-山地,神锤火山-雪地,神锤火山-雪地,神锤火山-雪地,神锤火山-雪地,,,,,,,,,,,银光群岛-岸边,银光群岛-草地,银光群岛-山地,银光群岛-山地,银光群岛-山地,银光群岛-山地,银光群岛-山地,银光群岛-山地,银光群岛-草地,银光群岛-岸边,,,,,,,,,,,北境冰海-雪地,北境冰海-雪地,北境冰海-雪地,北境冰海-雪地,北境冰海-雪地,北境冰海-雪地,北境冰海-雪地,北境冰海-雪地,北境冰海-雪地,北境冰海-雪地,北境冰海-雪地,北境冰海-雪地,北境冰海-雪地,北境冰海-雪地,北境冰海-雪地,北境冰海-雪地,北境冰海-雪地,北境冰海-雪地,北境冰海-雪地,北境冰海-雪地,北境冰海-雪地,北境冰海-雪地,北境冰海-雪地,北境冰海-雪地,北境冰海-雪地,北境冰海-雪地,北境冰海-雪地,北境冰海-雪地,北境冰海-雪地,北境冰海-岸边
神锤火山-山地,神锤火山-山地,神锤火山-山地,神锤火山-山地,神锤火山-山地,神锤火山-山地,神锤火山-山地,神锤火山-山地,,神锤火山-山地,神锤火山-山地,神锤火山-山地,神锤火山-山地,神锤火山-山地,神锤火山-山地,神锤火山-山地,神锤火山-山地,神锤火山-山地,神锤火山-山地,神锤火山-山地,神锤火山-山地,,,神锤火山-洞穴,,,,,神锤火山-洞穴,神锤火山-洞穴,,神锤火山-山地,神锤火山-岸边,,神锤火山-岸边,灰烬山脉-山地,神锤火山-雪地,神锤火山-雪地,神锤火山-雪地,神锤火山-雪地,,,,,,,,,,,银光群岛-岸边,银光群岛-草地,银光群岛-山地,银光群岛-山地,银光群岛-山地,银光群岛-山地,银光群岛-山地,银光群岛-山地,银光群岛-草地,银光群岛-岸边,,,,,,,,,,,北境冰海-雪地,北境冰海-雪地,北境冰海-雪地,北境冰海-雪地,北境冰海-雪地,北境冰海-雪地,北境冰海-雪地,北境冰海-雪地,北境冰海-雪地,北境冰海-雪地,北境冰海-雪地,北境冰海-雪地,北境冰海-雪地,北境冰海-雪地,北境冰海-雪地,北境冰海-雪地,北境冰海-雪地,北境冰海-雪地,北境冰海-雪地,北境冰海-雪地,北境冰海-雪地,北境冰海-雪地,北境冰海-雪地,北境冰海-雪地,北境冰海-雪地,北境冰海-雪地,北境冰海-雪地,北境冰海-雪地,北境冰海-雪地,北境冰海-岸边
神锤火山-山地,神锤火山-山地,神锤火山-山地,神锤火山-山地,神锤火山-山地,神锤火山-山地,神锤火山-山地,神锤火山-山地,,神锤火山-山地,神锤火山-山地,神锤火山-山地,神锤火山-山地,神锤火山-山地,神锤火山-山地,神锤火山-山地,神锤火山-山地,神锤火山-山地,神锤火山-山地,神锤火山-山地,神锤火山-山地,,,神锤火山-洞穴,神锤火山-洞穴,神锤火山-洞穴,神锤火山-洞穴,神锤火山-洞穴,神锤火山-洞穴,神锤火山-洞穴,,神锤火山-山地,神锤火山-岸边,,神锤火山-岸边,灰烬山脉-山地,神锤火山-雪地,神锤火山-雪地,神锤火山-雪地,神锤火山-雪地,,,,,,,,,,,银光群岛-岸边,银光群岛-草地,银光群岛-草地,银光群岛-草地,银光群岛-草地,银光群岛-草地,银光群岛-草地,银光群岛-草地,银光群岛-草地,银光群岛-岸边,,,,,,,,,,,北境冰海-雪地,北境冰海-雪地,北境冰海-雪地,北境冰海-雪地,北境冰海-雪地,北境冰海-雪地,北境冰海-雪地,北境冰海-雪地,北境冰海-雪地,北境冰海-雪地,北境冰海-雪地,北境冰海-雪地,北境冰海-雪地,北境冰海-雪地,北境冰海-雪地,北境冰海-雪地,北境冰海-雪地,北境冰海-雪地,北境冰海-雪地,北境冰海-雪地,北境冰海-雪地,北境冰海-雪地,北境冰海-雪地,北境冰海-雪地,北境冰海-雪地,北境冰海-雪地,北境冰海-雪地,北境冰海-雪地,北境冰海-雪地,北境冰海-岸边
神锤火山-山地,神锤火山-山地,神锤火山-山地,神锤火山-山地,神锤火山-山地,神锤火山-山地,神锤火山-山地,神锤火山-山地,神锤火山-桥,神锤火山-山地,神锤火山-山地,神锤火山-山地,神锤火山-山地,神锤火山-山地,神锤火山-山地,神锤火山-山地,神锤火山-山地,神锤火山-山地,神锤火山-山地,神锤火山-山地,神锤火山-山地,,,,,,,,,神锤火山-洞穴,神锤火山-洞穴,神锤火山-山地,神锤火山-岸边,神锤火山-桥,神锤火山-岸边,灰烬山脉-山地,神锤火山-雪地,神锤火山-雪地,神锤火山-雪地,神锤火山-雪地,,,,,,,,,,,银光群岛-岸边,银光群岛-岸边,银光群岛-岸边,银光群岛-岸边,银光群岛-岸边,银光群岛-岸边,银光群岛-岸边,银光群岛-岸边,银光群岛-岸边,银光群岛-岸边,,,,,,,,,,,北境冰海-雪地,北境冰海-雪地,北境冰海-雪地,北境冰海-雪地,北境冰海-雪地,北境冰海-雪地,北境冰海-雪地,北境冰海-雪地,北境冰海-雪地,北境冰海-雪地,北境冰海-雪地,,,,,,北境冰海-雪地,北境冰海-雪地,北境冰海-雪地,北境冰海-雪地,北境冰海-雪地,北境冰海-雪地,北境冰海-雪地,北境冰海-雪地,北境冰海-雪地,北境冰海-雪地,北境冰海-雪地,北境冰海-雪地,北境冰海-雪地,北境冰海-岸边
,,,,,,,,,,,,,,,,,,,,,,,,,,,,,,,,,,,,,,,,,,,,,,,,,,,,,,,,,,,,,,,,,,,,,,北境冰海-雪地,北境冰海-雪地,北境冰海-雪地,北境冰海-雪地,北境冰海-雪地,北境冰海-雪地,北境冰海-雪地,北境冰海-雪地,北境冰海-雪地,北境冰海-雪地,北境冰海-雪地,,北境冰海-洞穴,北境冰海-洞穴,北境冰海-洞穴,北境冰海-洞穴,北境冰海-雪地,北境冰海-雪地,北境冰海-雪地,北境冰海-雪地,北境冰海-雪地,北境冰海-雪地,北境冰海-雪地,北境冰海-雪地,北境冰海-雪地,北境冰海-雪地,北境冰海-雪地,北境冰海-雪地,北境冰海-雪地,北境冰海-岸边
,,,,,,,,,,,,,,,,,,,,,,,,,,,,,,,,,,,,,,,,,,,,,,,,,,,,,,,,,,,,,,,,,,,,,,北境冰海-雪地,北境冰海-雪地,北境冰海-雪地,北境冰海-雪地,北境冰海-雪地,北境冰海-雪地,北境冰海-雪地,北境冰海-雪地,北境冰海-雪地,北境冰海-雪地,北境冰海-雪地,,北境冰海-洞穴,,,,北境冰海-雪地,北境冰海-雪地,北境冰海-雪地,北境冰海-雪地,北境冰海-雪地,北境冰海-雪地,北境冰海-雪地,北境冰海-雪地,北境冰海-雪地,北境冰海-雪地,北境冰海-雪地,北境冰海-雪地,北境冰海-雪地,北境冰海-岸边
,,,,,,,,,,,,,,,,,,,,,,,,,,,,,,,,,,,,,,,,,,,,,,,,,,,,,,,,,,,,,,,,,,,,,,北境冰海-雪地,北境冰海-雪地,北境冰海-雪地,北境冰海-雪地,北境冰海-雪地,北境冰海-雪地,北境冰海-雪地,北境冰海-雪地,北境冰海-雪地,北境冰海-雪地,北境冰海-雪地,,北境冰海-洞穴,,,,北境冰海-雪地,北境冰海-雪地,北境冰海-雪地,北境冰海-雪地,北境冰海-雪地,北境冰海-雪地,北境冰海-雪地,北境冰海-雪地,北境冰海-雪地,北境冰海-雪地,北境冰海-雪地,北境冰海-雪地,北境冰海-雪地,北境冰海-岸边
灰烬山脉-山地,灰烬山脉-山地,灰烬山脉-山地,灰烬山脉-山地,灰烬山脉-山地,灰烬山脉-山地,灰烬山脉-山地,灰烬山脉-山地,,灰烬山脉-山地,灰烬山脉-山地,灰烬山脉-山地,灰烬山脉-山地,灰烬山脉-山地,灰烬山脉-山地,灰烬山脉-山地,灰烬山脉-山地,灰烬山脉-山地,灰烬山脉-山地,灰烬山脉-山地,灰烬山脉-山地,灰烬山脉-山地,灰烬山脉-山地,灰烬山脉-山地,灰烬山脉-山地,灰烬山脉-山地,灰烬山脉-山地,灰烬山脉-山地,灰烬山脉-山地,灰烬山脉-山地,灰烬山脉-山地,灰烬山脉-山地,神锤火山-岸边,,神锤火山-岸边,灰烬山脉-山地,灰烬山脉-雪地,灰烬山脉-雪地,灰烬山脉-雪地,灰烬山脉-雪地,,,,,,,,,,,,,,,,,,,,,,,,,,,,,,,北境冰海-雪地,北境冰海-雪地,北境冰海-雪地,北境冰海-雪地,北境冰海-雪地,北境冰海-雪地,北境冰海-雪地,北境冰海-雪地,北境冰海-雪地,北境冰海-雪地,北境冰海-雪地,,北境冰海-洞穴,,,,北境冰海-雪地,北境冰海-雪地,北境冰海-雪地,北境冰海-雪地,北境冰海-雪地,北境冰海-雪地,北境冰海-雪地,北境冰海-雪地,北境冰海-雪地,北境冰海-雪地,北境冰海-雪地,北境冰海-雪地,北境冰海-雪地,北境冰海-岸边
灰烬山脉-岸边,灰烬山脉-岸边,灰烬山脉-岸边,灰烬山脉-岸边,灰烬山脉-岸边,灰烬山脉-岸边,灰烬山脉-岸边,灰烬山脉-岸边,,灰烬山脉-岸边,灰烬山脉-岸边,灰烬山脉-岸边,灰烬山脉-岸边,灰烬山脉-岸边,灰烬山脉-岸边,灰烬山脉-岸边,灰烬山脉-岸边,灰烬山脉-岸边,灰烬山脉-岸边,灰烬山脉-岸边,灰烬山脉-岸边,灰烬山脉-岸边,灰烬山脉-岸边,灰烬山脉-岸边,灰烬山脉-山地,灰烬山脉-山地,灰烬山脉-山地,灰烬山脉-山地,灰烬山脉-山地,灰烬山脉-山地,灰烬山脉-山地,灰烬山脉-山地,神锤火山-岸边,,神锤火山-岸边,灰烬山脉-山地,灰烬山脉-雪地,灰烬山脉-雪地,灰烬山脉-雪地,灰烬山脉-雪地,,,,,,,,,,,,,,,,,,,,,,,,,,,,,,,,,,,,,,,,,,,北境冰海-洞穴,,,,,,,,,,,,,,,,,
,,,,,,,,,,灰烬山脉-桥,,,,,,,,,,,,,灰烬山脉-岸边,灰烬山脉-山地,灰烬山脉-山地,灰烬山脉-山地,灰烬山脉-山地,灰烬山脉-山地,灰烬山脉-山地,灰烬山脉-山地,灰烬山脉-山地,神锤火山-岸边,,神锤火山-岸边,灰烬山脉-山地,灰烬山脉-雪地,灰烬山脉-雪地,灰烬山脉-雪地,灰烬山脉-雪地,,,,,,,,,,,,,,,,,,,,,,,,,,,,,,,,,,,,,,,,,,,,,,,,,,,,,,,,,,,,
灰烬山脉-岸边,灰烬山脉-岸边,灰烬山脉-岸边,灰烬山脉-岸边,灰烬山脉-岸边,灰烬山脉-岸边,灰烬山脉-岸边,灰烬山脉-岸边,灰烬山脉-岸边,灰烬山脉-岸边,灰烬山脉-岸边,灰烬山脉-岸边,灰烬山脉-岸边,灰烬山脉-岸边,灰烬山脉-岸边,灰烬山脉-岸边,灰烬山脉-岸边,灰烬山脉-岸边,灰烬山脉-岸边,灰烬山脉-岸边,灰烬山脉-岸边,灰烬山脉-岸边,,灰烬山脉-岸边,灰烬山脉-山地,灰烬山脉-山地,灰烬山脉-山地,灰烬山脉-山地,灰烬山脉-山地,灰烬山脉-山地,灰烬山脉-山地,灰烬山脉-山地,神锤火山-岸边,灰烬山脉-桥,神锤火山-岸边,灰烬山脉-山地,灰烬山脉-雪地,灰烬山脉-雪地,灰烬山脉-雪地,灰烬山脉-雪地,,,,,,,,,,,,,,,,,,,,,,,,,,,,,,,,,,,,,,,,,,,深渊海岸-洞穴,,,,,,,,,,,,,,,,,
灰烬山脉-草地,灰烬山脉-草地,灰烬山脉-草地,灰烬山脉-草地,灰烬山脉-草地,灰烬山脉-草地,灰烬山脉-草地,灰烬山脉-草地,灰烬山脉-草地,灰烬山脉-草地,灰烬山脉-草地,灰烬山脉-草地,灰烬山脉-草地,灰烬山脉-草地,灰烬山脉-草地,灰烬山脉-草地,灰烬山脉-草地,灰烬山脉-草地,灰烬山脉-草地,灰烬山脉-草地,灰烬山脉-草地,灰烬山脉-岸边,,灰烬山脉-岸边,灰烬山脉-山地,灰烬山脉-山地,灰烬山脉-山地,,,,,,,,,,,,,,,,,,,,,,,,,,,,,,,,,,,,,,,,,,,,,,,,,,,,,,,深渊海岸-洞穴,深渊海岸-洞穴,深渊海岸-洞穴,,,,,,,深渊海岸-洞穴,深渊海岸-洞穴,深渊海岸-洞穴,深渊海岸-洞穴,深渊海岸-洞穴,深渊海岸-洞穴,深渊海岸-岸边,深渊海岸-岸边,深渊海岸-岸边,深渊海岸-岸边
灰烬山脉-树林,灰烬山脉-草地,灰烬山脉-山地,灰烬山脉-山地,灰烬山脉-山地,灰烬山脉-山地,灰烬山脉-山地,灰烬山脉-山地,灰烬山脉-山地,灰烬山脉-山地,灰烬山脉-山地,灰烬山脉-山地,灰烬山脉-山地,灰烬山脉-山地,灰烬山脉-山地,灰烬山脉-山地,灰烬山脉-山地,灰烬山脉-山地,灰烬山脉-山地,灰烬山脉-山地,灰烬山脉-草地,灰烬山脉-岸边,,灰烬山脉-岸边,灰烬山脉-山地,灰烬山脉-山地,灰烬山脉-山地,,,,,,,,,,,,,,,,,,,,,,,,,,,,,,,,,,,,,,,,,,,,,,,,,,,,,,深渊海岸-洞穴,深渊海岸-洞穴,深渊海岸-洞穴,深渊海岸-洞穴,深渊海岸-洞穴,,,,,,深渊海岸-洞穴,,,,,,深渊海岸-岸边,深渊海岸-岸边,深渊海岸-岸边,深渊海岸-岸边
灰烬山脉-树林,灰烬山脉-草地,灰烬山脉-山地,灰烬山脉-山地,灰烬山脉-山地,灰烬山脉-山地,灰烬山脉-山地,灰烬山脉-山地,灰烬山脉-山地,灰烬山脉-山地,灰烬山脉-山地,灰烬山脉-山地,灰烬山脉-山地,灰烬山脉-山地,灰烬山脉-山地,灰烬山脉-山地,灰烬山脉-山地,灰烬山脉-山地,灰烬山脉-山地,灰烬山脉-山地,灰烬山脉-草地,灰烬山脉-岸边,,灰烬山脉-岸边,灰烬山脉-山地,灰烬山脉-山地,灰烬山脉-山地,,,,,,,,,,,,,,,,,,,,,,,,,,,,,,,,,,,,,,,,,,,,,,,,,,,,,,深渊海岸-洞穴,深渊海岸-洞穴,深渊海岸-洞穴,深渊海岸-洞穴,深渊海岸-洞穴,深渊海岸-洞穴,深渊海岸-洞穴,深渊海岸-洞穴,深渊海岸-洞穴,深渊海岸-洞穴,深渊海岸-洞穴,,,,,,深渊海岸-岸边,深渊海岸-岸边,深渊海岸-岸边,深渊海岸-岸边
灰烬山脉-树林,灰烬山脉-草地,灰烬山脉-山地,灰烬山脉-山地,灰烬山脉-山地,灰烬山脉-山地,灰烬山脉-山地,灰烬山脉-山地,灰烬山脉-山地,灰烬山脉-山地,灰烬山脉-山地,灰烬山脉-山地,灰烬山脉-山地,灰烬山脉-山地,灰烬山脉-山地,灰烬山脉-山地,灰烬山脉-山地,灰烬山脉-山地,灰烬山脉-山地,灰烬山脉-山地,灰烬山脉-草地,灰烬山脉-岸边,,灰烬山脉-岸边,灰烬山脉-山地,灰烬山脉-山地,灰烬山脉-山地,,,,云雾高原-山地,云雾高原-山地,云雾高原-岸边,,云雾高原-岸边,云雾高原-山地,云雾高原-雪地,云雾高原-雪地,云雾高原-雪地,云雾高原-雪地,云雾高原-雪地,云雾高原-雪地,云雾高原-雪地,云雾高原-雪地,云雾高原-雪地,云雾高原-雪地,云雾高原-雪地,云雾高原-雪地,云雾高原-雪地,云雾高原-雪地,云雾高原-雪地,云雾高原-雪地,云雾高原-雪地,云雾高原-雪地,云雾高原-雪地,云雾高原-雪地,云雾高原-雪地,云雾高原-雪地,云雾高原-雪地,云雾高原-雪地,云雾高原-雪地,云雾高原-雪地,云雾高原-雪地,云雾高原-雪地,云雾高原-雪地,云雾高原-雪地,云雾高原-雪地,云雾高原-雪地,云雾高原-雪地,云雾高原-雪地,云雾高原-雪地,云雾高原-雪地,云雾高原-雪地,云雾高原-雪地,云雾高原-雪地,云雾高原-雪地,云雾高原-雪地,,,,深渊海岸-洞穴,深渊海岸-洞穴,深渊海岸-洞穴,深渊海岸-洞穴,深渊海岸-洞穴,,,,,深渊海岸-洞穴,,,,,,,深渊海岸-岸边,深渊海岸-岸边,深渊海岸-岸边,深渊海岸-岸边
灰烬山脉-树林,灰烬山脉-草地,灰烬山脉-山地,灰烬山脉-山地,灰烬山脉-山地,灰烬山脉-山地,灰烬山脉-山地,灰烬山脉-山地,灰烬山脉-山地,灰烬山脉-山地,灰烬山脉-山地,灰烬山脉-山地,灰烬山脉-山地,灰烬山脉-山地,灰烬山脉-山地,灰烬山脉-山地,灰烬山脉-山地,灰烬山脉-山地,灰烬山脉-山地,灰烬山脉-山地,灰烬山脉-草地,灰烬山脉-岸边,,灰烬山脉-岸边,灰烬山脉-山地,灰烬山脉-山地,灰烬山脉-山地,,,,云雾高原-山地,云雾高原-山地,云雾高原-岸边,,云雾高原-岸边,云雾高原-山地,云雾高原-雪地,云雾高原-雪地,云雾高原-雪地,云雾高原-雪地,云雾高原-雪地,云雾高原-雪地,云雾高原-雪地,云雾高原-雪地,云雾高原-雪地,云雾高原-雪地,云雾高原-雪地,云雾高原-雪地,云雾高原-雪地,云雾高原-雪地,云雾高原-雪地,云雾高原-雪地,云雾高原-雪地,云雾高原-雪地,云雾高原-雪地,云雾高原-雪地,云雾高原-雪地,云雾高原-雪地,云雾高原-雪地,云雾高原-雪地,云雾高原-雪地,云雾高原-雪地,云雾高原-雪地,云雾高原-雪地,云雾高原-雪地,云雾高原-雪地,云雾高原-雪地,云雾高原-雪地,云雾高原-雪地,云雾高原-雪地,云雾高原-雪地,云雾高原-雪地,云雾高原-雪地,云雾高原-雪地,云雾高原-雪地,云雾高原-雪地,云雾高原-雪地,,,,,深渊海岸-洞穴,深渊海岸-洞穴,深渊海岸-洞穴,,,,,,深渊海岸-洞穴,,,,,,,深渊海岸-岸边,深渊海岸-岸边,深渊海岸-岸边,深渊海岸-岸边
灰烬山脉-树林,灰烬山脉-草地,灰烬山脉-山地,灰烬山脉-山地,灰烬山脉-山地,灰烬山脉-山地,灰烬山脉-山地,灰烬山脉-山地,灰烬山脉-山地,灰烬山脉-山地,灰烬山脉-山地,灰烬山脉-山地,灰烬山脉-山地,灰烬山脉-山地,灰烬山脉-山地,灰烬山脉-山地,灰烬山脉-山地,灰烬山脉-山地,灰烬山脉-山地,灰烬山脉-山地,灰烬山脉-草地,灰烬山脉-岸边,,灰烬山脉-岸边,灰烬山脉-山地,灰烬山脉-山地,灰烬山脉-山地,,,,云雾高原-山地,云雾高原-山地,云雾高原-岸边,云雾高原-桥,云雾高原-岸边,云雾高原-山地,云雾高原-山地,云雾高原-山地,云雾高原-山地,云雾高原-山地,云雾高原-山地,云雾高原-山地,云雾高原-山地,云雾高原-山地,云雾高原-山地,云雾高原-山地,云雾高原-山地,云雾高原-山地,云雾高原-山地,云雾高原-山地,云雾高原-山地,云雾高原-山地,云雾高原-山地,云雾高原-山地,云雾高原-山地,云雾高原-山地,云雾高原-山地,云雾高原-山地,云雾高原-山地,云雾高原-山地,云雾高原-山地,云雾高原-山地,云雾高原-山地,云雾高原-山地,云雾高原-山地,云雾高原-山地,云雾高原-山地,云雾高原-山地,云雾高原-山地,云雾高原-山地,云雾高原-山地,云雾高原-山地,云雾高原-山地,云雾高原-山地,云雾高原-雪地,云雾高原-雪地,云雾高原-雪地,,,,,,深渊海岸-洞穴,,,,,,,深渊海岸-洞穴,,深渊海岸-洞穴,深渊海岸-洞穴,,,,深渊海岸-岸边,深渊海岸-岸边,深渊海岸-岸边,深渊海岸-岸边
灰烬山脉-树林,灰烬山脉-草地,灰烬山脉-山地,灰烬山脉-山地,灰烬山脉-山地,灰烬山脉-山地,灰烬山脉-山地,灰烬山脉-山地,灰烬山脉-山地,灰烬山脉-山地,灰烬山脉-山地,灰烬山脉-山地,灰烬山脉-山地,灰烬山脉-山地,灰烬山脉-山地,灰烬山脉-山地,灰烬山脉-山地,灰烬山脉-山地,灰烬山脉-山地,灰烬山脉-山地,灰烬山脉-草地,灰烬山脉-岸边,,灰烬山脉-岸边,灰烬山脉-山地,灰烬山脉-山地,灰烬山脉-山地,,,,云雾高原-山地,云雾高原-山地,云雾高原-岸边,,云雾高原-岸边,云雾高原-山地,云雾高原-山地,云雾高原-山地,云雾高原-山地,云雾高原-山地,云雾高原-山地,云雾高原-山地,云雾高原-山地,云雾高原-山地,云雾高原-山地,云雾高原-山地,云雾高原-山地,云雾高原-山地,云雾高原-山地,云雾高原-山地,云雾高原-山地,云雾高原-山地,云雾高原-山地,云雾高原-山地,云雾高原-山地,云雾高原-山地,云雾高原-山地,云雾高原-山地,云雾高原-山地,云雾高原-山地,云雾高原-山地,云雾高原-山地,云雾高原-山地,云雾高原-山地,云雾高原-山地,云雾高原-山地,云雾高原-山地,云雾高原-山地,云雾高原-山地,云雾高原-山地,云雾高原-山地,云雾高原-山地,云雾高原-山地,云雾高原-山地,云雾高原-雪地,云雾高原-雪地,云雾高原-雪地,,,,,深渊海岸-洞穴,深渊海岸-洞穴,,,,,,,深渊海岸-洞穴,深渊海岸-洞穴,深渊海岸-洞穴,深渊海岸-洞穴,深渊海岸-洞穴,,,深渊海岸-岸边,深渊海岸-岸边,深渊海岸-岸边,深渊海岸-岸边
灰烬山脉-树林,灰烬山脉-草地,灰烬山脉-山地,灰烬山脉-山地,灰烬山脉-山地,灰烬山脉-山地,灰烬山脉-山地,灰烬山脉-山地,灰烬山脉-山地,灰烬山脉-山地,灰烬山脉-山地,灰烬山脉-山地,灰烬山脉-山地,灰烬山脉-山地,灰烬山脉-山地,灰烬山脉-山地,灰烬山脉-山地,灰烬山脉-山地,灰烬山脉-山地,灰烬山脉-山地,灰烬山脉-草地,灰烬山脉-岸边,,灰烬山脉-岸边,灰烬山脉-岸边,灰烬山脉-岸边,灰烬山脉-岸边,,,,云雾高原-岸边,云雾高原-岸边,云雾高原-岸边,,云雾高原-岸边,云雾高原-岸边,云雾高原-岸边,云雾高原-岸边,云雾高原-岸边,云雾高原-岸边,云雾高原-岸边,云雾高原-岸边,云雾高原-岸边,云雾高原-岸边,云雾高原-岸边,云雾高原-岸边,云雾高原-岸边,云雾高原-岸边,云雾高原-岸边,云雾高原-岸边,云雾高原-岸边,云雾高原-岸边,云雾高原-岸边,云雾高原-岸边,云雾高原-岸边,云雾高原-岸边,云雾高原-岸边,云雾高原-岸边,云雾高原-岸边,云雾高原-岸边,云雾高原-岸边,云雾高原-岸边,云雾高原-岸边,云雾高原-岸边,云雾高原-岸边,云雾高原-岸边,云雾高原-岸边,云雾高原-岸边,云雾高原-岸边,云雾高原-岸边,云雾高原-岸边,云雾高原-山地,云雾高原-山地,云雾高原-山地,云雾高原-雪地,云雾高原-雪地,云雾高原-雪地,,,,,深渊海岸-洞穴,,,,,,,,,,深渊海岸-洞穴,深渊海岸-洞穴,,,,深渊海岸-岸边,深渊海岸-岸边,深渊海岸-岸边,深渊海岸-岸边
灰烬山脉-树林,灰烬山脉-草地,灰烬山脉-山地,灰烬山脉-山地,灰烬山脉-山地,灰烬山脉-山地,灰烬山脉-山地,灰烬山脉-山地,灰烬山脉-山地,灰烬山脉-山地,灰烬山脉-山地,灰烬山脉-山地,灰烬山脉-山地,灰烬山脉-山地,灰烬山脉-山地,灰烬山脉-山地,灰烬山脉-山地,灰烬山脉-山地,灰烬山脉-山地,灰烬山脉-山地,灰烬山脉-草地,灰烬山脉-岸边,,,,,,,,,,,,,,,,,,,,,,,,,,,,,,,,,,,云雾高原-桥,,,,,,,,,,,,,,云雾高原-岸边,云雾高原-山地,云雾高原-山地,云雾高原-山地,云雾高原-雪地,云雾高原-雪地,云雾高原-雪地,,,,,深渊海岸-洞穴,,,,,,,,,,,深渊海岸-洞穴,,,,深渊海岸-岸边,深渊海岸-岸边,深渊海岸-岸边,深渊海岸-岸边
灰烬山脉-树林,灰烬山脉-草地,灰烬山脉-山地,灰烬山脉-山地,灰烬山脉-山地,灰烬山脉-山地,灰烬山脉-山地,,,,,,,,星落丘陵-洞穴,,,灰烬山脉-山地,灰烬山脉-山地,灰烬山脉-山地,灰烬山脉-草地,灰烬山脉-岸边,,,,,,,,,,,,,,,,,,,,,,,,,,,,,,,,,,,云雾高原-桥,,,,,,,,,,,,,,云雾高原-岸边,云雾高原-山地,云雾高原-山地,云雾高原-山地,云雾高原-雪地,云雾高原-雪地,云雾高原-雪地,,,,,深渊海岸-洞穴,,,,,,,,,,,深渊海岸-洞穴,深渊海岸-洞穴,深渊海岸-洞穴,,深渊海岸-岸边,深渊海岸-岸边,深渊海岸-岸边,深渊海岸-岸边
灰烬山脉-树林,灰烬山脉-草地,灰烬山脉-山地,灰烬山脉-山地,灰烬山脉-山地,灰烬山脉-山地,灰烬山脉-山地,星落丘陵-洞穴,星落丘陵-洞穴,星落丘陵-洞穴,,,,,星落丘陵-洞穴,,,灰烬山脉-山地,灰烬山脉-山地,灰烬山脉-山地,灰烬山脉-草地,灰烬山脉-岸边,灰烬山脉-岸边,灰烬山脉-岸边,灰烬山脉-岸边,灰烬山脉-岸边,灰烬山脉-岸边,灰烬山脉-岸边,灰烬山脉-岸边,灰烬山脉-岸边,,,云雾高原-岸边,云雾高原-岸边,云雾高原-岸边,云雾高原-岸边,云雾高原-岸边,云雾高原-岸边,云雾高原-岸边,云雾高原-岸边,云雾高原-岸边,云雾高原-岸边,云雾高原-岸边,云雾高原-岸边,云雾高原-岸边,云雾高原-岸边,云雾高原-岸边,云雾高原-岸边,云雾高原-岸边,云雾高原-岸边,云雾高原-岸边,云雾高原-岸边,云雾高原-岸边,云雾高原-岸边,云雾高原-岸边,云雾高原-岸边,云雾高原-岸边,云雾高原-岸边,云雾高原-岸边,云雾高原-岸边,云雾高原-岸边,云雾高原-岸边,云雾高原-岸边,云雾高原-岸边,云雾高原-岸边,云雾高原-岸边,云雾高原-岸边,,,,云雾高原-岸边,云雾高原-山地,云雾高原-山地,云雾高原-山地,云雾高原-山地,云雾高原-山地,云雾高原-山地,,,,,深渊海岸-洞穴,,,,,,,,,,,,,,,,,,
灰烬山脉-树林,灰烬山脉-草地,灰烬山脉-山地,灰烬山脉-山地,灰烬山脉-山地,灰烬山脉-山地,灰烬山脉-山地,,,星落丘陵-洞穴,星落丘陵-洞穴,,,,星落丘陵-洞穴,,,灰烬山脉-山地,灰烬山脉-山地,灰烬山脉-山地,灰烬山脉-草地,灰烬山脉-草地,灰烬山脉-草地,灰烬山脉-草地,灰烬山脉-草地,灰烬山脉-草地,灰烬山脉-草地,灰烬山脉-草地,灰烬山脉-草地,灰烬山脉-岸边,,,云雾高原-岸边,云雾高原-草地,云雾高原-草地,云雾高原-草地,云雾高原-草地,云雾高原-草地,云雾高原-草地,云雾高原-草地,云雾高原-草地,云雾高原-草地,云雾高原-草地,云雾高原-草地,云雾高原-草地,云雾高原-草地,云雾高原-草地,云雾高原-草地,云雾高原-草地,云雾高原-草地,云雾高原-草地,云雾高原-草地,云雾高原-草地,云雾高原-草地,云雾高原-草地,云雾高原-草地,云雾高原-草地,云雾高原-草地,云雾高原-草地,云雾高原-草地,云雾高原-草地,云雾高原-草地,云雾高原-草地,云雾高原-草地,云雾高原-草地,云雾高原-草地,云雾高原-岸边,,,,云雾高原-岸边,云雾高原-山地,云雾高原-山地,云雾高原-山地,云雾高原-山地,云雾高原-山地,云雾高原-山地,,,,,,,,,,,,,,,,,,,,,,,
灰烬山脉-树林,灰烬山脉-草地,灰烬山脉-山地,灰烬山脉-山地,灰烬山脉-山地,灰烬山脉-山地,灰烬山脉-山地,,,星落丘陵-洞穴,星落丘陵-洞穴,星落丘陵-洞穴,星落丘陵-洞穴,星落丘陵-洞穴,星落丘陵-洞穴,,,灰烬山脉-山地,灰烬山脉-山地,灰烬山脉-山地,灰烬山脉-草地,灰烬山脉-树林,灰烬山脉-树林,灰烬山脉-树林,灰烬山脉-树林,灰烬山脉-树林,灰烬山脉-树林,灰烬山脉-树林,灰烬山脉-草地,灰烬山脉-岸边,,,云雾高原-岸边,云雾高原-草地,云雾高原-山地,云雾高原-山地,云雾高原-山地,云雾高原-山地,云雾高原-山地,云雾高原-山地,云雾高原-山地,云雾高原-山地,云雾高原-山地,云雾高原-山地,云雾高原-山地,云雾高原-山地,云雾高原-山地,云雾高原-山地,云雾高原-山地,云雾高原-山地,云雾高原-山地,云雾高原-山地,云雾高原-山地,云雾高原-山地,云雾高原-山地,云雾高原-山地,云雾高原-山地,云雾高原-山地,云雾高原-山地,云雾高原-山地,云雾高原-山地,云雾高原-山地,云雾高原-山地,云雾高原-山地,云雾高原-山地,云雾高原-草地,云雾高原-岸边,,,,云雾高原-岸边,云雾高原-山地,云雾高原-山地,云雾高原-山地,云雾高原-山地,云雾高原-山地,云雾高原-山地,,,,,星落丘陵-洞穴,,,,,,,,,,,,,,,,,,
灰烬山脉-树林,灰烬山脉-草地,灰烬山脉-山地,灰烬山脉-山地,灰烬山脉-山地,灰烬山脉-山地,灰烬山脉-山地,,,,,,,星落丘陵-洞穴,星落丘陵-洞穴,星落丘陵-洞穴,星落丘陵-洞穴,灰烬山脉-山地,灰烬山脉-山地,灰烬山脉-山地,灰烬山脉-草地,灰烬山脉-树林,灰烬山脉-树林,灰烬山脉-树林,灰烬山脉-树林,灰烬山脉-树林,灰烬山脉-树林,灰烬山脉-树林,灰烬山脉-草地,灰烬山脉-岸边,,,云雾高原-岸边,云雾高原-草地,云雾高原-山地,云雾高原-山地,云雾高原-山地,云雾高原-山地,云雾高原-山地,云雾高原-山地,云雾高原-山地,云雾高原-山地,云雾高原-山地,云雾高原-山地,云雾高原-山地,云雾高原-山地,云雾高原-山地,云雾高原-山地,云雾高原-山地,云雾高原-山地,云雾高原-山地,云雾高原-山地,云雾高原-山地,云雾高原-山地,云雾高原-山地,云雾高原-山地,云雾高原-山地,云雾高原-山地,云雾高原-山地,云雾高原-山地,云雾高原-山地,云雾高原-山地,云雾高原-山地,云雾高原-山地,云雾高原-山地,云雾高原-草地,云雾高原-岸边,,,,云雾高原-岸边,云雾高原-草地,云雾高原-草地,云雾高原-草地,云雾高原-山地,云雾高原-山地,云雾高原-山地,,,,,星落丘陵-洞穴,,,,星落丘陵-洞穴,,,,,星落丘陵-草地,星落丘陵-草地,星落丘陵-草地,星落丘陵-草地,星落丘陵-草地,星落丘陵-草地,星落丘陵-草地,星落丘陵-草地,星落丘陵-草地,星落丘陵-岸边
灰烬山脉-树林,灰烬山脉-草地,灰烬山脉-山地,灰烬山脉-山地,灰烬山脉-山地,灰烬山脉-山地,灰烬山脉-山地,,,,,,,星落丘陵-洞穴,,星落丘陵-洞穴,,灰烬山脉-山地,灰烬山脉-山地,灰烬山脉-山地,灰烬山脉-草地,灰烬山脉-树林,灰烬山脉-树林,灰烬山脉-山地,灰烬山脉-山地,灰烬山脉-山地,灰烬山脉-树林,灰烬山脉-树林,灰烬山脉-草地,灰烬山脉-岸边,,,云雾高原-岸边,云雾高原-草地,云雾高原-山地,云雾高原-山地,云雾高原-山地,云雾高原-山地,云雾高原-山地,云雾高原-山地,云雾高原-山地,云雾高原-山地,云雾高原-山地,云雾高原-山地,云雾高原-雪地,云雾高原-雪地,云雾高原-雪地,云雾高原-山地,云雾高原-山地,云雾高原-山地,云雾高原-山地,云雾高原-山地,云雾高原-山地,云雾高原-山地,云雾高原-山地,云雾高原-山地,云雾高原-山地,云雾高原-山地,云雾高原-山地,云雾高原-山地,云雾高原-山地,云雾高原-山地,云雾高原-山地,云雾高原-山地,云雾高原-山地,云雾高原-草地,云雾高原-岸边,,,,云雾高原-岸边,云雾高原-草地,云雾高原-草地,云雾高原-草地,云雾高原-山地,云雾高原-山地,云雾高原-山地,,,,星落丘陵-洞穴,星落丘陵-洞穴,星落丘陵-洞穴,,,星落丘陵-洞穴,星落丘陵-洞穴,星落丘陵-洞穴,,,星落丘陵-草地,星落丘陵-草地,星落丘陵-树林,星落丘陵-树林,星落丘陵-树林,星落丘陵-树林,星落丘陵-树林,星落丘陵-树林,星落丘陵-草地,星落丘陵-岸边
灰烬山脉-树林,灰烬山脉-草地,灰烬山脉-山地,灰烬山脉-山地,灰烬山脉-山地,灰烬山脉-山地,灰烬山脉-山地,,,星落丘陵-洞穴,,,星落丘陵-洞穴,星落丘陵-洞穴,,星落丘陵-洞穴,,灰烬山脉-山地,灰烬山脉-山地,灰烬山脉-山地,灰烬山脉-草地,灰烬山脉-树林,灰烬山脉-树林,灰烬山脉-山地,灰烬山脉-山地,灰烬山脉-山地,灰烬山脉-树林,灰烬山脉-树林,灰烬山脉-草地,灰烬山脉-岸边,,,云雾高原-岸边,云雾高原-草地,云雾高原-山地,云雾高原-山地,云雾高原-山地,,,,,,,,,,,,,,,,,,云雾高原-山地,云雾高原-山地,云雾高原-山地,云雾高原-山地,云雾高原-山地,云雾高原-山地,云雾高原-山地,云雾高原-山地,云雾高原-山地,云雾高原-山地,云雾高原-山地,云雾高原-草地,云雾高原-岸边,,,,云雾高原-岸边,云雾高原-草地,云雾高原-草地,云雾高原-草地,云雾高原-山地,云雾高原-山地,云雾高原-山地,,,,,星落丘陵-洞穴,星落丘陵-洞穴,,,星落丘陵-洞穴,星落丘陵-洞穴,星落丘陵-洞穴,,,星落丘陵-草地,星落丘陵-草地,星落丘陵-树林,星落丘陵-树林,星落丘陵-树林,星落丘陵-树林,星落丘陵-树林,星落丘陵-树林,星落丘陵-草地,星落丘陵-岸边
灰烬山脉-树林,灰烬山脉-草地,灰烬山脉-山地,灰烬山脉-山地,灰烬山脉-山地,灰烬山脉-山地,灰烬山脉-山地,,星落丘陵-洞穴,星落丘陵-洞穴,星落丘陵-洞穴,,星落丘陵-洞穴,星落丘陵-洞穴,,星落丘陵-洞穴,,灰烬山脉-山地,灰烬山脉-山地,灰烬山脉-山地,灰烬山脉-草地,灰烬山脉-树林,灰烬山脉-树林,灰烬山脉-树林,灰烬山脉-树林,灰烬山脉-树林,灰烬山脉-树林,灰烬山脉-树林,灰烬山脉-草地,灰烬山脉-岸边,,,云雾高原-岸边,云雾高原-草地,云雾高原-山地,云雾高原-山地,云雾高原-山地,,,,,,,,,,,,,,,,,,云雾高原-山地,云雾高原-山地,云雾高原-山地,云雾高原-山地,云雾高原-山地,云雾高原-山地,云雾高原-山地,云雾高原-山地,云雾高原-山地,云雾高原-山地,云雾高原-山地,云雾高原-草地,云雾高原-岸边,,,,云雾高原-岸边,云雾高原-草地,云雾高原-草地,云雾高原-草地,云雾高原-山地,云雾高原-山地,云雾高原-山地,,,,,,星落丘陵-洞穴,,,星落丘陵-洞穴,星落丘陵-洞穴,星落丘陵-洞穴,星落丘陵-洞穴,星落丘陵-洞穴,星落丘陵-草地,星落丘陵-草地,星落丘陵-草地,星落丘陵-草地,星落丘陵-草地,星落丘陵-草地,星落丘陵-草地,星落丘陵-草地,星落丘陵-草地,星落丘陵-岸边
灰烬山脉-树林,灰烬山脉-草地,灰烬山脉-山地,灰烬山脉-山地,灰烬山脉-山地,灰烬山脉-山地,灰烬山脉-山地,星落丘陵-洞穴,星落丘陵-洞穴,星落丘陵-洞穴,星落丘陵-洞穴,星落丘陵-洞穴,星落丘陵-洞穴,,,星落丘陵-洞穴,,灰烬山脉-山地,灰烬山脉-山地,灰烬山脉-山地,灰烬山脉-草地,灰烬山脉-树林,灰烬山脉-树林,灰烬山脉-树林,灰烬山脉-树林,灰烬山脉-树林,灰烬山脉-树林,灰烬山脉-树林,灰烬山脉-草地,灰烬山脉-岸边,,,云雾高原-岸边,云雾高原-草地,云雾高原-山地,云雾高原-山地,云雾高原-山地,,,,,,,,,,,,,,,,,,云雾高原-山地,云雾高原-山地,云雾高原-山地,云雾高原-山地,云雾高原-山地,云雾高原-山地,云雾高原-山地,云雾高原-山地,云雾高原-山地,云雾高原-山地,云雾高原-山地,云雾高原-草地,云雾高原-岸边,,,,云雾高原-岸边,云雾高原-草地,云雾高原-草地,云雾高原-草地,云雾高原-山地,云雾高原-山地,云雾高原-山地,,,,星落丘陵-洞穴,星落丘陵-洞穴,星落丘陵-洞穴,,,,星落丘陵-洞穴,,,,星落丘陵-草地,星落丘陵-树林,星落丘陵-树林,星落丘陵-树林,星落丘陵-树林,星落丘陵-树林,星落丘陵-树林,星落丘陵-草地,星落丘陵-草地,星落丘陵-岸边
灰烬山脉-树林,灰烬山脉-草地,灰烬山脉-山地,灰烬山脉-山地,灰烬山脉-山地,灰烬山脉-山地,灰烬山脉-山地,,星落丘陵-洞穴,星落丘陵-洞穴,星落丘陵-洞穴,,,,,,,灰烬山脉-山地,灰烬山脉-山地,灰烬山脉-山地,灰烬山脉-草地,灰烬山脉-草地,灰烬山脉-草地,灰烬山脉-草地,灰烬山脉-草地,灰烬山脉-草地,灰烬山脉-草地,灰烬山脉-草地,灰烬山脉-草地,灰烬山脉-岸边,,,云雾高原-岸边,云雾高原-草地,云雾高原-山地,云雾高原-山地,云雾高原-山地,,,,,,雾都-山地,雾都-山地,雾都-雪地,雾都-雪地,雾都-雪地,雾都-山地,雾都-山地,,,,,,云雾高原-山地,云雾高原-山地,云雾高原-山地,云雾高原-山地,云雾高原-山地,云雾高原-山地,云雾高原-山地,云雾高原-山地,云雾高原-山地,云雾高原-山地,云雾高原-山地,云雾高原-草地,云雾高原-岸边,,,,云雾高原-岸边,云雾高原-草地,云雾高原-草地,云雾高原-草地,云雾高原-山地,云雾高原-山地,云雾高原-山地,,,,星落丘陵-洞穴,,星落丘陵-洞穴,,,,星落丘陵-洞穴,,星落丘陵-洞穴,,星落丘陵-草地,星落丘陵-树林,星落丘陵-树林,星落丘陵-树林,星落丘陵-树林,星落丘陵-树林,星落丘陵-树林,星落丘陵-草地,星落丘陵-草地,星落丘陵-岸边
灰烬山脉-树林,,,,,,,,,星落丘陵-洞穴,,,,,,,,,,,,,,,灰烬山脉-洞穴,灰烬山脉-洞穴,灰烬山脉-洞穴,,灰烬山脉-草地,灰烬山脉-岸边,,,云雾高原-岸边,云雾高原-草地,云雾高原-山地,云雾高原-山地,云雾高原-山地,,,,,雾都-山地,雾都-山地,雾都-雪地,雾都-雪地,雾都-水源,雾都-雪地,雾都-雪地,雾都-山地,雾都-山地,,,,,云雾高原-山地,云雾高原-山地,云雾高原-山地,云雾高原-菜地,云雾高原-菜地,云雾高原-菜地,云雾高原-菜地,云雾高原-菜地,云雾高原-菜地,云雾高原-菜地,云雾高原-山地,云雾高原-草地,云雾高原-岸边,,,,云雾高原-岸边,云雾高原-草地,云雾高原-草地,云雾高原-草地,云雾高原-山地,云雾高原-山地,云雾高原-山地,,,,,,星落丘陵-洞穴,星落丘陵-洞穴,,,星落丘陵-洞穴,星落丘陵-洞穴,星落丘陵-洞穴,,星落丘陵-草地,星落丘陵-草地,星落丘陵-草地,星落丘陵-草地,星落丘陵-草地,星落丘陵-草地,星落丘陵-草地,星落丘陵-草地,星落丘陵-草地,星落丘陵-岸边
灰烬山脉-树林,,,,,,,,,,,,,,,,,,灰烬山脉-洞穴,灰烬山脉-洞穴,灰烬山脉-洞穴,灰烬山脉-洞穴,,,,灰烬山脉-洞穴,灰烬山脉-洞穴,灰烬山脉-洞穴,灰烬山脉-草地,灰烬山脉-岸边,,,云雾高原-岸边,云雾高原-草地,云雾高原-山地,云雾高原-山地,云雾高原-山地,,,,雾都-山地,雾都-山地,雾都-雪地,雾都-雪地,雾都-雪地,雾都-雪地,雾都-雪地,雾都-雪地,雾都-雪地,雾都-山地,雾都-山地,,,,云雾高原-山地,云雾高原-山地,云雾高原-山地,云雾高原-山地,云雾高原-山地,云雾高原-山地,云雾高原-山地,云雾高原-山地,云雾高原-山地,云雾高原-山地,云雾高原-山地,云雾高原-草地,云雾高原-岸边,,,,云雾高原-岸边,云雾高原-草地,云雾高原-草地,云雾高原-草地,云雾高原-山地,云雾高原-山地,云雾高原-山地,,,,,,星落丘陵-洞穴,星落丘陵-洞穴,星落丘陵-洞穴,星落丘陵-洞穴,星落丘陵-洞穴,,星落丘陵-洞穴,,星落丘陵-草地,星落丘陵-草地,星落丘陵-树林,星落丘陵-树林,星落丘陵-树林,星落丘陵-树林,星落丘陵-树林,星落丘陵-树林,星落丘陵-草地,星落丘陵-岸边
灰烬山脉-树林,,,,,,,,,地下城-路,,,,,,,,,灰烬山脉-洞穴,灰烬山脉-洞穴,灰烬山脉-洞穴,灰烬山脉-洞穴,,,,灰烬山脉-洞穴,灰烬山脉-洞穴,,灰烬山脉-草地,灰烬山脉-岸边,,,云雾高原-岸边,云雾高原-草地,云雾高原-山地,云雾高原-山地,云雾高原-山地,,,,雾都-山地,雾都-雪地,雾都-雪地,雾都-雪地,雾都-雪地,雾都-牢房,雾都-雪地,雾都-雪地,雾都-雪地,雾都-雪地,雾都-山地,,,,云雾高原-山地,云雾高原-山地,云雾高原-山地,云雾高原-菜地,云雾高原-菜地,云雾高原-菜地,云雾高原-菜地,云雾高原-菜地,云雾高原-菜地,云雾高原-菜地,云雾高原-山地,云雾高原-草地,云雾高原-岸边,,,,云雾高原-岸边,云雾高原-草地,云雾高原-草地,云雾高原-草地,云雾高原-山地,云雾高原-山地,云雾高原-山地,,,,,,,,,,星落丘陵-洞穴,,,,星落丘陵-草地,星落丘陵-草地,星落丘陵-树林,星落丘陵-树林,星落丘陵-树林,星落丘陵-树林,星落丘陵-树林,星落丘陵-树林,星落丘陵-草地,星落丘陵-岸边
灰烬山脉-树林,,,,,,,地下城-洞穴,地下城-洞穴,地下城-路,地下城-洞穴,地下城-洞穴,,,,,,,灰烬山脉-洞穴,,,灰烬山脉-洞穴,,,灰烬山脉-洞穴,灰烬山脉-洞穴,灰烬山脉-洞穴,,灰烬山脉-草地,灰烬山脉-岸边,,,云雾高原-岸边,云雾高原-草地,云雾高原-山地,云雾高原-山地,云雾高原-雪地,,,,雾都-雪地,雾都-雪地,雾都-雪地,雾都-雪地,雾都-轻装店,雾都-警察局,雾都-重装店,雾都-雪地,雾都-雪地,雾都-雪地,雾都-雪地,,,,云雾高原-雪地,云雾高原-山地,云雾高原-山地,云雾高原-山地,云雾高原-山地,云雾高原-山地,云雾高原-山地,云雾高原-山地,云雾高原-山地,云雾高原-山地,云雾高原-山地,云雾高原-草地,云雾高原-岸边,,,,云雾高原-岸边,云雾高原-草地,云雾高原-草地,云雾高原-草地,云雾高原-山地,云雾高原-山地,云雾高原-山地,,,,,,,,,,星落丘陵-洞穴,,,,星落丘陵-草地,星落丘陵-草地,星落丘陵-草地,星落丘陵-草地,星落丘陵-草地,星落丘陵-草地,星落丘陵-草地,星落丘陵-草地,星落丘陵-草地,星落丘陵-岸边
灰烬山脉-树林,,,,,,地下城-洞穴,地下城-洞穴,地下城-洞穴,地下城-路,地下城-洞穴,地下城-洞穴,地下城-洞穴,,,,,,,,,灰烬山脉-洞穴,,,,,灰烬山脉-洞穴,,灰烬山脉-草地,灰烬山脉-岸边,,,云雾高原-岸边,云雾高原-草地,云雾高原-山地,云雾高原-山地,云雾高原-雪地,云雾高原-雪地,,雾都-路,雾都-路,雾都-路,雾都-路,雾都-路,雾都-农夫的家,雾都-商会,雾都-矿工的家,雾都-路,雾都-路,雾都-路,雾都-路,雾都-路,,云雾高原-雪地,云雾高原-雪地,云雾高原-山地,云雾高原-山地,云雾高原-菜地,云雾高原-菜地,云雾高原-菜地,云雾高原-菜地,云雾高原-菜地,云雾高原-菜地,云雾高原-菜地,云雾高原-山地,云雾高原-草地,云雾高原-岸边,,,,云雾高原-岸边,云雾高原-草地,云雾高原-草地,云雾高原-草地,云雾高原-山地,云雾高原-山地,云雾高原-山地,,,,星落丘陵-草地,星落丘陵-草地,星落丘陵-草地,星落丘陵-草地,星落丘陵-草地,星落丘陵-草地,星落丘陵-草地,星落丘陵-草地,星落丘陵-草地,星落丘陵-草地,星落丘陵-草地,星落丘陵-树林,星落丘陵-树林,星落丘陵-树林,星落丘陵-树林,星落丘陵-树林,星落丘陵-树林,星落丘陵-草地,星落丘陵-草地,星落丘陵-岸边
灰烬山脉-树林,,,,,地下城-洞穴,地下城-洞穴,地下城-农夫的家,地下城-洞穴,地下城-轻装店,地下城-洞穴,地下城-矿工的家,地下城-洞穴,地下城-洞穴,,,,,,,,灰烬山脉-洞穴,灰烬山脉-洞穴,,,,灰烬山脉-洞穴,,灰烬山脉-草地,灰烬山脉-岸边,,,云雾高原-岸边,云雾高原-草地,云雾高原-山地,云雾高原-山地,云雾高原-雪地,,,,雾都-雪地,雾都-雪地,雾都-雪地,雾都-雪地,雾都-医院,雾都-遗迹,雾都-餐馆,雾都-雪地,雾都-雪地,雾都-雪地,雾都-雪地,,,,云雾高原-雪地,云雾高原-山地,云雾高原-山地,云雾高原-山地,云雾高原-山地,云雾高原-山地,云雾高原-山地,云雾高原-山地,云雾高原-山地,云雾高原-山地,云雾高原-山地,云雾高原-草地,云雾高原-岸边,,,,云雾高原-岸边,云雾高原-草地,云雾高原-草地,云雾高原-草地,云雾高原-草地,云雾高原-草地,云雾高原-草地,,,,星落丘陵-草地,星落丘陵-草地,星落丘陵-草地,星落丘陵-草地,星落丘陵-草地,星落丘陵-草地,星落丘陵-草地,星落丘陵-草地,星落丘陵-草地,星落丘陵-草地,星落丘陵-草地,星落丘陵-树林,星落丘陵-树林,星落丘陵-树林,星落丘陵-树林,星落丘陵-树林,星落丘陵-树林,星落丘陵-草地,星落丘陵-草地,星落丘陵-岸边
灰烬山脉-树林,,,,地下城-洞穴,地下城-洞穴,地下城-洞穴,地下城-路,地下城-洞穴,地下城-路,地下城-洞穴,地下城-路,地下城-洞穴,地下城-洞穴,地下城-洞穴,,,,灰烬山脉-洞穴,灰烬山脉-洞穴,灰烬山脉-洞穴,灰烬山脉-洞穴,灰烬山脉-洞穴,灰烬山脉-洞穴,灰烬山脉-洞穴,灰烬山脉-洞穴,灰烬山脉-洞穴,,灰烬山脉-草地,灰烬山脉-岸边,,,云雾高原-岸边,云雾高原-草地,云雾高原-山地,云雾高原-山地,云雾高原-山地,,,,雾都-山地,雾都-雪地,雾都-雪地,雾都-雪地,雾都-雪地,雾都-路,雾都-雪地,雾都-雪地,雾都-雪地,雾都-雪地,雾都-山地,,,,云雾高原-山地,云雾高原-山地,云雾高原-山地,云雾高原-菜地,云雾高原-菜地,云雾高原-菜地,云雾高原-菜地,云雾高原-菜地,云雾高原-菜地,云雾高原-菜地,云雾高原-山地,云雾高原-草地,云雾高原-岸边,,,,云雾高原-岸边,云雾高原-草地,云雾高原-草地,云雾高原-草地,云雾高原-草地,云雾高原-草地,云雾高原-草地,云雾高原-草地,,星落丘陵-草地,星落丘陵-草地,星落丘陵-草地,星落丘陵-草地,星落丘陵-草地,星落丘陵-草地,星落丘陵-草地,星落丘陵-草地,星落丘陵-草地,星落丘陵-草地,星落丘陵-草地,星落丘陵-草地,星落丘陵-草地,星落丘陵-草地,星落丘陵-草地,星落丘陵-草地,星落丘陵-草地,星落丘陵-草地,星落丘陵-草地,星落丘陵-草地,星落丘陵-岸边
灰烬山脉-树林,,,,地下城-洞穴,地下城-洞穴,地下城-洞穴,地下城-路,地下城-洞穴,地下城-路,地下城-洞穴,地下城-路,地下城-洞穴,地下城-洞穴,地下城-洞穴,,,,灰烬山脉-洞穴,,,,,,,灰烬山脉-洞穴,灰烬山脉-洞穴,,灰烬山脉-草地,灰烬山脉-岸边,,,云雾高原-岸边,云雾高原-草地,云雾高原-山地,云雾高原-山地,云雾高原-山地,,,,雾都-山地,雾都-山地,雾都-雪地,雾都-雪地,雾都-雪地,雾都-路,雾都-雪地,雾都-雪地,雾都-雪地,雾都-山地,雾都-山地,,,,云雾高原-山地,云雾高原-山地,云雾高原-山地,云雾高原-山地,云雾高原-山地,云雾高原-山地,云雾高原-山地,云雾高原-山地,云雾高原-山地,云雾高原-山地,云雾高原-山地,云雾高原-草地,云雾高原-岸边,,,,云雾高原-岸边,云雾高原-草地,云雾高原-草地,云雾高原-草地,云雾高原-草地,云雾高原-草地,云雾高原-草地,,,,星落丘陵-草地,星落丘陵-草地,星落丘陵-草地,星落丘陵-树林,星落丘陵-树林,星落丘陵-树林,星落丘陵-树林,星落丘陵-树林,星落丘陵-树林,星落丘陵-草地,星落丘陵-草地,星落丘陵-草地,星落丘陵-树林,星落丘陵-树林,星落丘陵-树林,星落丘陵-树林,星落丘陵-树林,星落丘陵-树林,星落丘陵-草地,星落丘陵-岸边
灰烬山脉-树林,,,,地下城-洞穴,地下城-牢房,地下城-警察局,地下城-遗迹,地下城-路,地下城-重装店,地下城-路,地下城-商会,地下城-路,地下城-路,地下城-路,地下城-路,,灰烬山脉-洞穴,灰烬山脉-洞穴,,灰烬山脉-洞穴,灰烬山脉-洞穴,灰烬山脉-洞穴,灰烬山脉-洞穴,灰烬山脉-洞穴,灰烬山脉-洞穴,,,灰烬山脉-草地,灰烬山脉-岸边,,,云雾高原-岸边,云雾高原-草地,云雾高原-山地,云雾高原-山地,云雾高原-山地,,,,,雾都-山地,雾都-山地,雾都-雪地,雾都-雪地,雾都-路,雾都-雪地,雾都-雪地,雾都-山地,雾都-山地,,,,,云雾高原-山地,云雾高原-山地,云雾高原-山地,云雾高原-菜地,云雾高原-菜地,云雾高原-菜地,云雾高原-菜地,云雾高原-菜地,云雾高原-菜地,云雾高原-菜地,云雾高原-山地,云雾高原-草地,云雾高原-岸边,,,,云雾高原-岸边,云雾高原-岸边,云雾高原-岸边,云雾高原-岸边,云雾高原-岸边,云雾高原-岸边,云雾高原-岸边,,,,星落丘陵-岸边,星落丘陵-草地,星落丘陵-草地,星落丘陵-草地,星落丘陵-草地,星落丘陵-草地,星落丘陵-草地,星落丘陵-草地,星落丘陵-草地,星落丘陵-草地,星落丘陵-草地,星落丘陵-草地,星落丘陵-树林,星落丘陵-树林,星落丘陵-树林,星落丘陵-树林,星落丘陵-树林,星落丘陵-树林,星落丘陵-草地,星落丘陵-岸边
灰烬山脉-树林,,,,地下城-洞穴,地下城-洞穴,地下城-洞穴,地下城-路,地下城-洞穴,地下城-路,地下城-洞穴,地下城-路,地下城-洞穴,地下城-洞穴,地下城-洞穴,,,,灰烬山脉-洞穴,,,,,,,,,,灰烬山脉-草地,灰烬山脉-岸边,,,云雾高原-岸边,云雾高原-草地,云雾高原-山地,云雾高原-山地,云雾高原-山地,,,,,,雾都-山地,雾都-山地,雾都-雪地,雾都-路,雾都-雪地,雾都-山地,雾都-山地,,,,,,云雾高原-山地,云雾高原-山地,云雾高原-山地,云雾高原-山地,云雾高原-山地,云雾高原-山地,云雾高原-山地,云雾高原-山地,云雾高原-山地,云雾高原-山地,云雾高原-山地,云雾高原-草地,云雾高原-岸边,,,,,,,,,,,,,,星落丘陵-岸边,星落丘陵-草地,星落丘陵-树林,星落丘陵-树林,星落丘陵-树林,星落丘陵-树林,星落丘陵-树林,星落丘陵-树林,星落丘陵-草地,星落丘陵-草地,星落丘陵-草地,星落丘陵-草地,星落丘陵-草地,星落丘陵-草地,星落丘陵-草地,星落丘陵-草地,星落丘陵-草地,星落丘陵-草地,星落丘陵-草地,星落丘陵-岸边
灰烬山脉-草地,,,,地下城-洞穴,地下城-洞穴,地下城-洞穴,地下城-路,地下城-洞穴,地下城-路,地下城-洞穴,地下城-路,地下城-洞穴,地下城-洞穴,地下城-洞穴,,,,灰烬山脉-草地,灰烬山脉-草地,灰烬山脉-菜地,灰烬山脉-菜地,灰烬山脉-菜地,灰烬山脉-菜地,灰烬山脉-菜地,灰烬山脉-草地,灰烬山脉-草地,灰烬山脉-草地,灰烬山脉-草地,灰烬山脉-岸边,,,云雾高原-岸边,云雾高原-草地,云雾高原-山地,云雾高原-山地,云雾高原-山地,,,,,,,,,雾都-路,,,,,,,,,云雾高原-山地,云雾高原-山地,云雾高原-草地,云雾高原-草地,云雾高原-草地,云雾高原-草地,云雾高原-草地,云雾高原-草地,云雾高原-草地,云雾高原-草地,云雾高原-草地,云雾高原-草地,云雾高原-岸边,,,,,,,,,,,,,,星落丘陵-岸边,星落丘陵-草地,星落丘陵-草地,星落丘陵-草地,星落丘陵-草地,星落丘陵-草地,星落丘陵-草地,星落丘陵-草地,星落丘陵-草地,星落丘陵-草地,,,,,,,,,,
灰烬山脉-岸边,,,,,地下城-洞穴,地下城-洞穴,地下城-医院,地下城-洞穴,地下城-路,地下城-洞穴,地下城-餐馆,地下城-洞穴,地下城-洞穴,,,,,灰烬山脉-岸边,灰烬山脉-岸边,灰烬山脉-岸边,灰烬山脉-岸边,灰烬山脉-岸边,灰烬山脉-岸边,灰烬山脉-岸边,灰烬山脉-岸边,灰烬山脉-岸边,灰烬山脉-岸边,灰烬山脉-岸边,灰烬山脉-岸边,,,云雾高原-岸边,云雾高原-草地,云雾高原-山地,云雾高原-山地,云雾高原-山地,,,,,,,,,,,,,,,,,,云雾高原-山地,云雾高原-山地,云雾高原-草地,,,,,,云雾高原-草地,,,,,,,,,,,,,,,,,,星落丘陵-岸边,星落丘陵-草地,星落丘陵-草地,星落丘陵-树林,星落丘陵-树林,星落丘陵-树林,星落丘陵-树林,星落丘陵-树林,星落丘陵-树林,星落丘陵-草地,星落丘陵-洞穴,星落丘陵-洞穴,星落丘陵-洞穴,,,,,,,
,,,,,,地下城-水源,地下城-水源,地下城-水源,地下城-路,地下城-水源,地下城-水源,地下城-水源,,,,,,,,,,灰烬山脉-桥,,,,,,,,,,云雾高原-岸边,云雾高原-草地,云雾高原-山地,云雾高原-山地,云雾高原-山地,,,,,,,,,云雾高原-雪地,,,,,,,,,云雾高原-山地,云雾高原-山地,云雾高原-草地,,,,,,,,,,,,,,,,,,,,,,,,星落丘陵-岸边,星落丘陵-草地,星落丘陵-草地,星落丘陵-草地,星落丘陵-草地,星落丘陵-草地,星落丘陵-草地,星落丘陵-草地,星落丘陵-草地,星落丘陵-草地,,,星落丘陵-洞穴,星落丘陵-洞穴,,,,,,
灰烬山脉-岸边,,,,,,,地下城-洞穴,地下城-洞穴,地下城-路,地下城-洞穴,地下城-洞穴,,,,,,,灰烬山脉-岸边,灰烬山脉-岸边,灰烬山脉-岸边,灰烬山脉-岸边,灰烬山脉-岸边,灰烬山脉-岸边,灰烬山脉-岸边,灰烬山脉-岸边,灰烬山脉-岸边,,,,云雾高原-岸边,云雾高原-岸边,云雾高原-岸边,云雾高原-草地,云雾高原-山地,云雾高原-山地,云雾高原-山地,云雾高原-山地,云雾高原-山地,云雾高原-山地,云雾高原-山地,云雾高原-山地,云雾高原-山地,云雾高原-山地,云雾高原-雪地,云雾高原-雪地,云雾高原-雪地,云雾高原-山地,云雾高原-山地,云雾高原-山地,云雾高原-山地,云雾高原-山地,云雾高原-山地,云雾高原-山地,云雾高原-山地,云雾高原-山地,云雾高原-草地,,,,,,清泉平原-草地,,,,,清泉平原-岸边,清泉平原-岸边,清泉平原-岸边,清泉平原-岸边,清泉平原-岸边,清泉平原-岸边,清泉平原-岸边,清泉平原-岸边,,,,,,星落丘陵-岸边,星落丘陵-草地,星落丘陵-树林,星落丘陵-树林,星落丘陵-树林,星落丘陵-树林,星落丘陵-树林,星落丘陵-树林,星落丘陵-草地,星落丘陵-草地,,,星落丘陵-洞穴,星落丘陵-洞穴,星落丘陵-洞穴,星落丘陵-洞穴,星落丘陵-洞穴,星落丘陵-洞穴,,
灰烬山脉-草地,,,,,,,,,地下城-路,,,,,,,,,灰烬山脉-草地,灰烬山脉-草地,灰烬山脉-菜地,灰烬山脉-菜地,灰烬山脉-菜地,灰烬山脉-菜地,灰烬山脉-菜地,灰烬山脉-草地,灰烬山脉-草地,,,,云雾高原-草地,云雾高原-草地,云雾高原-草地,云雾高原-草地,云雾高原-山地,云雾高原-山地,云雾高原-山地,云雾高原-山地,云雾高原-山地,云雾高原-山地,云雾高原-山地,云雾高原-山地,云雾高原-山地,云雾高原-山地,云雾高原-山地,云雾高原-山地,云雾高原-山地,云雾高原-山地,云雾高原-山地,云雾高原-山地,云雾高原-山地,云雾高原-山地,云雾高原-山地,云雾高原-山地,云雾高原-山地,云雾高原-山地,云雾高原-草地,,,,清泉平原-草地,清泉平原-草地,清泉平原-草地,清泉平原-草地,清泉平原-草地,清泉平原-草地,清泉平原-草地,清泉平原-草地,清泉平原-草地,清泉平原-草地,清泉平原-草地,清泉平原-草地,清泉平原-草地,清泉平原-草地,清泉平原-岸边,,,,,,星落丘陵-岸边,星落丘陵-草地,星落丘陵-草地,星落丘陵-草地,星落丘陵-草地,星落丘陵-草地,星落丘陵-草地,星落丘陵-草地,星落丘陵-草地,星落丘陵-草地,,,,,,,星落丘陵-洞穴,星落丘陵-洞穴,星落丘陵-洞穴,星落丘陵-洞穴
灰烬山脉-树林,,,,,,,,,,,,,,,,,,灰烬山脉-树林,灰烬山脉-树林,灰烬山脉-树林,灰烬山脉-树林,灰烬山脉-树林,灰烬山脉-树林,灰烬山脉-树林,灰烬山脉-树林,灰烬山脉-草地,,,,云雾高原-草地,云雾高原-山地,云雾高原-山地,云雾高原-山地,云雾高原-山地,云雾高原-山地,云雾高原-山地,云雾高原-山地,云雾高原-山地,云雾高原-山地,云雾高原-山地,云雾高原-山地,云雾高原-山地,云雾高原-山地,云雾高原-山地,云雾高原-山地,云雾高原-山地,云雾高原-山地,云雾高原-山地,云雾高原-山地,云雾高原-山地,云雾高原-山地,云雾高原-山地,云雾高原-山地,云雾高原-山地,云雾高原-山地,云雾高原-草地,,,,清泉平原-草地,清泉平原-草地,清泉平原-草地,清泉平原-草地,清泉平原-草地,清泉平原-草地,清泉平原-草地,清泉平原-草地,清泉平原-草地,清泉平原-草地,清泉平原-草地,清泉平原-草地,清泉平原-草地,清泉平原-草地,清泉平原-岸边,,,,,,星落丘陵-岸边,星落丘陵-草地,星落丘陵-草地,星落丘陵-树林,星落丘陵-树林,星落丘陵-树林,星落丘陵-树林,星落丘陵-树林,星落丘陵-树林,星落丘陵-草地,,,,,,,星落丘陵-洞穴,,星落丘陵-洞穴,
灰烬山脉-山地,,,,,,,,,灰烬山脉-洞穴,,,,,,,,,灰烬山脉-山地,灰烬山脉-山地,灰烬山脉-山地,灰烬山脉-山地,灰烬山脉-山地,灰烬山脉-山地,灰烬山脉-山地,灰烬山脉-树林,灰烬山脉-草地,,,,云雾高原-草地,云雾高原-山地,云雾高原-山地,云雾高原-山地,云雾高原-山地,云雾高原-山地,云雾高原-山地,云雾高原-山地,云雾高原-山地,云雾高原-山地,云雾高原-山地,云雾高原-山地,云雾高原-山地,云雾高原-山地,云雾高原-山地,云雾高原-山地,云雾高原-山地,云雾高原-山地,云雾高原-山地,云雾高原-山地,云雾高原-山地,云雾高原-山地,云雾高原-山地,云雾高原-山地,云雾高原-山地,云雾高原-山地,云雾高原-草地,,,,清泉平原-草地,清泉平原-草地,清泉平原-树林,清泉平原-树林,清泉平原-树林,清泉平原-树林,清泉平原-树林,清泉平原-树林,清泉平原-树林,清泉平原-树林,清泉平原-树林,清泉平原-树林,清泉平原-草地,清泉平原-草地,清泉平原-岸边,,,,,,星落丘陵-岸边,星落丘陵-草地,星落丘陵-草地,星落丘陵-草地,星落丘陵-草地,星落丘陵-草地,星落丘陵-草地,星落丘陵-草地,星落丘陵-草地,星落丘陵-草地,,星落丘陵-洞穴,星落丘陵-洞穴,,,星落丘陵-洞穴,星落丘陵-洞穴,,星落丘陵-洞穴,
灰烬山脉-山地,灰烬山脉-山地,灰烬山脉-山地,灰烬山脉-山地,灰烬山脉-山地,灰烬山脉-山地,灰烬山脉-山地,灰烬山脉-山地,,灰烬山脉-洞穴,,,,,,灰烬山脉-洞穴,灰烬山脉-洞穴,,灰烬山脉-山地,灰烬山脉-山地,灰烬山脉-山地,灰烬山脉-山地,灰烬山脉-山地,灰烬山脉-山地,灰烬山脉-山地,灰烬山脉-树林,灰烬山脉-草地,,,,云雾高原-草地,云雾高原-山地,云雾高原-山地,云雾高原-山地,云雾高原-山地,云雾高原-山地,云雾高原-山地,云雾高原-山地,云雾高原-山地,云雾高原-山地,云雾高原-山地,云雾高原-山地,云雾高原-山地,云雾高原-山地,云雾高原-山地,云雾高原-山地,云雾高原-山地,云雾高原-山地,云雾高原-山地,云雾高原-山地,云雾高原-山地,云雾高原-山地,云雾高原-山地,云雾高原-山地,云雾高原-山地,云雾高原-山地,云雾高原-草地,云雾高原-草地,,清泉平原-草地,清泉平原-草地,清泉平原-草地,清泉平原-树林,清泉平原-树林,清泉平原-树林,清泉平原-树林,清泉平原-树林,清泉平原-树林,清泉平原-树林,清泉平原-树林,清泉平原-树林,清泉平原-树林,清泉平原-草地,清泉平原-草地,清泉平原-岸边,,,,,,星落丘陵-岸边,星落丘陵-草地,星落丘陵-树林,星落丘陵-树林,星落丘陵-树林,星落丘陵-树林,星落丘陵-树林,星落丘陵-树林,星落丘陵-草地,星落丘陵-草地,,星落丘陵-洞穴,星落丘陵-洞穴,星落丘陵-洞穴,星落丘陵-洞穴,星落丘陵-洞穴,星落丘陵-洞穴,,星落丘陵-洞穴,
灰烬山脉-山地,灰烬山脉-山地,灰烬山脉-山地,灰烬山脉-山地,灰烬山脉-山地,灰烬山脉-山地,灰烬山脉-山地,灰烬山脉-山地,,灰烬山脉-洞穴,灰烬山脉-洞穴,,,,灰烬山脉-洞穴,灰烬山脉-洞穴,,,灰烬山脉-山地,灰烬山脉-山地,灰烬山脉-山地,灰烬山脉-山地,灰烬山脉-山地,灰烬山脉-山地,灰烬山脉-山地,灰烬山脉-树林,灰烬山脉-草地,灰烬山脉-草地,,云雾高原-草地,云雾高原-草地,云雾高原-山地,云雾高原-山地,云雾高原-山地,云雾高原-山地,云雾高原-山地,云雾高原-山地,云雾高原-山地,云雾高原-山地,云雾高原-山地,云雾高原-山地,云雾高原-山地,云雾高原-山地,云雾高原-山地,云雾高原-山地,云雾高原-山地,云雾高原-山地,云雾高原-山地,云雾高原-山地,云雾高原-山地,云雾高原-山地,云雾高原-山地,云雾高原-山地,云雾高原-山地,云雾高原-山地,云雾高原-山地,云雾高原-草地,,,,清泉平原-草地,清泉平原-草地,清泉平原-树林,清泉平原-树林,清泉平原-树林,清泉平原-树林,清泉平原-树林,清泉平原-树林,清泉平原-树林,清泉平原-树林,清泉平原-树林,清泉平原-树林,清泉平原-草地,清泉平原-草地,清泉平原-岸边,,,,,,星落丘陵-岸边,星落丘陵-草地,星落丘陵-草地,星落丘陵-草地,星落丘陵-草地,星落丘陵-草地,星落丘陵-草地,星落丘陵-草地,星落丘陵-草地,星落丘陵-草地,,星落丘陵-洞穴,星落丘陵-洞穴,星落丘陵-洞穴,,,,,星落丘陵-洞穴,
灰烬山脉-山地,灰烬山脉-山地,灰烬山脉-山地,灰烬山脉-山地,灰烬山脉-山地,灰烬山脉-山地,灰烬山脉-山地,灰烬山脉-山地,,,灰烬山脉-洞穴,,,,灰烬山脉-洞穴,,,灰烬山脉-洞穴,灰烬山脉-山地,灰烬山脉-山地,灰烬山脉-山地,灰烬山脉-山地,灰烬山脉-山地,灰烬山脉-山地,灰烬山脉-山地,灰烬山脉-树林,灰烬山脉-草地,,,,云雾高原-草地,云雾高原-山地,云雾高原-山地,云雾高原-山地,云雾高原-山地,云雾高原-山地,云雾高原-山地,云雾高原-山地,云雾高原-山地,云雾高原-山地,云雾高原-山地,云雾高原-山地,云雾高原-山地,云雾高原-山地,云雾高原-山地,云雾高原-山地,云雾高原-山地,云雾高原-山地,云雾高原-山地,云雾高原-山地,云雾高原-山地,云雾高原-山地,云雾高原-山地,云雾高原-山地,云雾高原-山地,云雾高原-山地,云雾高原-草地,,,,清泉平原-草地,清泉平原-草地,清泉平原-树林,清泉平原-树林,清泉平原-树林,清泉平原-树林,清泉平原-树林,清泉平原-树林,清泉平原-树林,清泉平原-树林,清泉平原-树林,清泉平原-树林,清泉平原-草地,清泉平原-草地,清泉平原-岸边,,,,,,星落丘陵-岸边,星落丘陵-草地,星落丘陵-草地,星落丘陵-草地,星落丘陵-草地,星落丘陵-草地,星落丘陵-草地,星落丘陵-草地,星落丘陵-草地,星落丘陵-草地,,,星落丘陵-洞穴,,,,,,,
灰烬山脉-山地,灰烬山脉-山地,灰烬山脉-山地,灰烬山脉-山地,灰烬山脉-山地,灰烬山脉-山地,灰烬山脉-山地,灰烬山脉-山地,,灰烬山脉-洞穴,灰烬山脉-洞穴,灰烬山脉-洞穴,灰烬山脉-洞穴,灰烬山脉-洞穴,灰烬山脉-洞穴,灰烬山脉-洞穴,灰烬山脉-洞穴,灰烬山脉-洞穴,灰烬山脉-山地,灰烬山脉-山地,灰烬山脉-山地,灰烬山脉-山地,灰烬山脉-山地,灰烬山脉-山地,灰烬山脉-山地,灰烬山脉-树林,灰烬山脉-草地,,,,云雾高原-草地,云雾高原-山地,云雾高原-山地,云雾高原-山地,云雾高原-山地,云雾高原-山地,云雾高原-山地,云雾高原-山地,云雾高原-山地,云雾高原-山地,云雾高原-山地,云雾高原-山地,云雾高原-山地,云雾高原-山地,云雾高原-山地,云雾高原-山地,云雾高原-山地,云雾高原-山地,云雾高原-山地,云雾高原-山地,云雾高原-山地,云雾高原-山地,云雾高原-山地,云雾高原-山地,云雾高原-山地,云雾高原-山地,云雾高原-草地,,,,清泉平原-草地,清泉平原-草地,清泉平原-树林,清泉平原-树林,清泉平原-树林,清泉平原-树林,清泉平原-树林,清泉平原-树林,清泉平原-树林,清泉平原-树林,清泉平原-树林,清泉平原-树林,清泉平原-草地,清泉平原-草地,清泉平原-岸边,,,,,,星落丘陵-岸边,星落丘陵-草地,星落丘陵-草地,星落丘陵-草地,星落丘陵-草地,星落丘陵-草地,星落丘陵-草地,星落丘陵-草地,星落丘陵-草地,星落丘陵-草地,,,星落丘陵-洞穴,,,,,,,
灰烬山脉-山地,灰烬山脉-山地,灰烬山脉-山地,灰烬山脉-山地,灰烬山脉-山地,灰烬山脉-山地,灰烬山脉-山地,灰烬山脉-山地,,灰烬山脉-洞穴,,,灰烬山脉-洞穴,灰烬山脉-洞穴,灰烬山脉-洞穴,,,,灰烬山脉-山地,灰烬山脉-山地,灰烬山脉-山地,灰烬山脉-山地,灰烬山脉-山地,灰烬山脉-山地,灰烬山脉-山地,灰烬山脉-树林,灰烬山脉-草地,,,,云雾高原-草地,云雾高原-山地,云雾高原-山地,云雾高原-山地,云雾高原-山地,云雾高原-山地,云雾高原-山地,云雾高原-山地,云雾高原-山地,云雾高原-山地,云雾高原-山地,云雾高原-山地,云雾高原-山地,云雾高原-山地,云雾高原-山地,云雾高原-山地,云雾高原-山地,云雾高原-山地,云雾高原-山地,云雾高原-山地,云雾高原-山地,云雾高原-山地,云雾高原-山地,云雾高原-山地,云雾高原-山地,云雾高原-山地,云雾高原-草地,,,,清泉平原-草地,清泉平原-草地,清泉平原-树林,清泉平原-树林,清泉平原-树林,清泉平原-树林,清泉平原-树林,清泉平原-树林,清泉平原-树林,清泉平原-树林,清泉平原-树林,清泉平原-树林,清泉平原-草地,清泉平原-草地,清泉平原-岸边,,,,,,星落丘陵-岸边,星落丘陵-岸边,星落丘陵-岸边,星落丘陵-岸边,星落丘陵-岸边,星落丘陵-岸边,星落丘陵-岸边,星落丘陵-岸边,星落丘陵-岸边,星落丘陵-岸边,星落丘陵-岸边,星落丘陵-岸边,星落丘陵-岸边,星落丘陵-岸边,星落丘陵-岸边,星落丘陵-岸边,星落丘陵-岸边,星落丘陵-岸边,星落丘陵-岸边,星落丘陵-岸边
灰烬山脉-山地,灰烬山脉-山地,灰烬山脉-山地,灰烬山脉-山地,灰烬山脉-山地,灰烬山脉-山地,灰烬山脉-山地,灰烬山脉-山地,,灰烬山脉-洞穴,灰烬山脉-洞穴,,灰烬山脉-洞穴,灰烬山脉-洞穴,灰烬山脉-洞穴,灰烬山脉-洞穴,灰烬山脉-洞穴,,灰烬山脉-山地,灰烬山脉-山地,灰烬山脉-山地,灰烬山脉-山地,灰烬山脉-山地,灰烬山脉-山地,灰烬山脉-山地,灰烬山脉-树林,灰烬山脉-草地,,,,云雾高原-草地,云雾高原-山地,云雾高原-山地,云雾高原-山地,云雾高原-山地,云雾高原-山地,云雾高原-山地,云雾高原-山地,云雾高原-山地,云雾高原-山地,云雾高原-山地,云雾高原-山地,云雾高原-山地,云雾高原-山地,云雾高原-山地,云雾高原-山地,云雾高原-山地,云雾高原-山地,云雾高原-山地,云雾高原-山地,云雾高原-山地,云雾高原-山地,云雾高原-山地,云雾高原-山地,云雾高原-山地,云雾高原-山地,云雾高原-草地,,,,清泉平原-草地,清泉平原-草地,清泉平原-树林,清泉平原-树林,清泉平原-树林,清泉平原-树林,清泉平原-树林,清泉平原-树林,清泉平原-树林,清泉平原-树林,清泉平原-树林,清泉平原-树林,清泉平原-草地,清泉平原-草地,清泉平原-岸边,,,,,,,,,,,,,,,,,,,,,,,,,
灰烬山脉-山地,灰烬山脉-山地,灰烬山脉-山地,灰烬山脉-山地,灰烬山脉-山地,灰烬山脉-山地,灰烬山脉-山地,灰烬山脉-山地,,灰烬山脉-洞穴,灰烬山脉-洞穴,,,,,,灰烬山脉-洞穴,,灰烬山脉-山地,灰烬山脉-山地,灰烬山脉-山地,灰烬山脉-山地,灰烬山脉-山地,灰烬山脉-山地,灰烬山脉-山地,灰烬山脉-树林,灰烬山脉-草地,,,,云雾高原-草地,云雾高原-山地,云雾高原-山地,云雾高原-山地,云雾高原-山地,云雾高原-山地,云雾高原-山地,云雾高原-山地,云雾高原-山地,云雾高原-山地,云雾高原-山地,云雾高原-山地,云雾高原-山地,云雾高原-山地,云雾高原-山地,云雾高原-山地,云雾高原-山地,云雾高原-山地,云雾高原-山地,云雾高原-山地,云雾高原-山地,云雾高原-山地,云雾高原-山地,云雾高原-山地,云雾高原-山地,云雾高原-山地,云雾高原-草地,,,,清泉平原-草地,清泉平原-草地,清泉平原-树林,清泉平原-树林,清泉平原-树林,清泉平原-树林,清泉平原-树林,清泉平原-树林,清泉平原-树林,清泉平原-树林,清泉平原-树林,清泉平原-树林,清泉平原-草地,清泉平原-草地,清泉平原-岸边,,,,,,,,,,,,,,,,,,,,,,,,,
灰烬山脉-山地,灰烬山脉-山地,灰烬山脉-山地,灰烬山脉-山地,灰烬山脉-山地,灰烬山脉-山地,灰烬山脉-山地,灰烬山脉-山地,灰烬山脉-洞穴,灰烬山脉-洞穴,灰烬山脉-洞穴,,,,,灰烬山脉-洞穴,灰烬山脉-洞穴,,灰烬山脉-山地,灰烬山脉-山地,灰烬山脉-山地,灰烬山脉-山地,灰烬山脉-山地,灰烬山脉-山地,灰烬山脉-山地,灰烬山脉-树林,灰烬山脉-草地,,,,,,,,,,,,,,,,,云雾高原-山地,,,,,,,,,,,,,,,,,清泉平原-草地,清泉平原-草地,清泉平原-树林,清泉平原-树林,清泉平原-树林,清泉平原-树林,清泉平原-树林,清泉平原-树林,清泉平原-树林,清泉平原-树林,清泉平原-树林,清泉平原-树林,清泉平原-草地,清泉平原-草地,清泉平原-岸边,,,,,,,,,,,,,,,,,,,,,,,,,
灰烬山脉-山地,灰烬山脉-山地,灰烬山脉-山地,灰烬山脉-山地,灰烬山脉-山地,灰烬山脉-山地,灰烬山脉-山地,灰烬山脉-山地,,,,,,,,灰烬山脉-洞穴,灰烬山脉-洞穴,,灰烬山脉-山地,灰烬山脉-山地,灰烬山脉-山地,灰烬山脉-山地,灰烬山脉-山地,灰烬山脉-山地,灰烬山脉-山地,灰烬山脉-树林,灰烬山脉-草地,,,,,,,,,,,,,,,,,,,,,,,,,,,,,,,,,,清泉平原-草地,清泉平原-草地,清泉平原-菜地,清泉平原-菜地,清泉平原-菜地,清泉平原-菜地,清泉平原-菜地,清泉平原-菜地,清泉平原-菜地,清泉平原-菜地,清泉平原-菜地,清泉平原-菜地,清泉平原-草地,清泉平原-草地,清泉平原-岸边,,,,,,,,,,,,,,,,,,,,,,,,,
灰烬山脉-山地,灰烬山脉-山地,灰烬山脉-山地,灰烬山脉-山地,灰烬山脉-山地,灰烬山脉-山地,灰烬山脉-山地,灰烬山脉-山地,灰烬山脉-山地,灰烬山脉-山地,灰烬山脉-山地,灰烬山脉-山地,灰烬山脉-山地,灰烬山脉-山地,灰烬山脉-山地,灰烬山脉-山地,灰烬山脉-山地,灰烬山脉-山地,灰烬山脉-山地,灰烬山脉-山地,灰烬山脉-山地,灰烬山脉-山地,灰烬山脉-山地,灰烬山脉-山地,灰烬山脉-山地,灰烬山脉-树林,灰烬山脉-草地,,,,,,,,,,,,,,,,,大沙漠-沙地,,,,,,,,,,,,,,,,,清泉平原-草地,清泉平原-草地,清泉平原-麦田,清泉平原-麦田,清泉平原-麦田,清泉平原-麦田,清泉平原-麦田,清泉平原-麦田,清泉平原-麦田,清泉平原-麦田,清泉平原-麦田,清泉平原-麦田,清泉平原-草地,清泉平原-草地,清泉平原-岸边,,,,,,,,,,,,,,,,,,,,,,,,,
灰烬山脉-山地,灰烬山脉-山地,灰烬山脉-山地,灰烬山脉-山地,灰烬山脉-山地,灰烬山脉-山地,灰烬山脉-山地,灰烬山脉-山地,灰烬山脉-山地,灰烬山脉-山地,灰烬山脉-山地,灰烬山脉-山地,灰烬山脉-山地,灰烬山脉-山地,灰烬山脉-山地,灰烬山脉-山地,灰烬山脉-山地,灰烬山脉-山地,灰烬山脉-山地,灰烬山脉-山地,灰烬山脉-山地,灰烬山脉-山地,灰烬山脉-山地,灰烬山脉-山地,灰烬山脉-山地,灰烬山脉-树林,灰烬山脉-草地,,,,大沙漠-沙地,大沙漠-沙地,大沙漠-沙地,大沙漠-沙地,大沙漠-沙地,大沙漠-沙地,大沙漠-沙地,大沙漠-沙地,大沙漠-沙地,大沙漠-沙地,大沙漠-沙地,大沙漠-沙地,大沙漠-沙地,大沙漠-沙地,大沙漠-沙地,大沙漠-沙地,大沙漠-沙地,大沙漠-沙地,大沙漠-沙地,大沙漠-沙地,大沙漠-沙地,大沙漠-沙地,大沙漠-沙地,大沙漠-沙地,大沙漠-沙地,大沙漠-沙地,大沙漠-沙地,,,,清泉平原-草地,清泉平原-草地,清泉平原-瓜地,清泉平原-瓜地,清泉平原-瓜地,清泉平原-瓜地,清泉平原-瓜地,清泉平原-瓜地,清泉平原-瓜地,清泉平原-瓜地,清泉平原-瓜地,清泉平原-瓜地,清泉平原-草地,清泉平原-草地,清泉平原-岸边,,,,,,,,,,,,,,,,,,,,,,,,,
灰烬山脉-山地,灰烬山脉-山地,灰烬山脉-山地,灰烬山脉-山地,灰烬山脉-山地,灰烬山脉-山地,灰烬山脉-山地,灰烬山脉-山地,灰烬山脉-山地,灰烬山脉-山地,灰烬山脉-山地,灰烬山脉-山地,灰烬山脉-山地,灰烬山脉-山地,灰烬山脉-山地,灰烬山脉-山地,灰烬山脉-山地,灰烬山脉-山地,灰烬山脉-山地,灰烬山脉-山地,灰烬山脉-山地,灰烬山脉-山地,灰烬山脉-山地,灰烬山脉-山地,灰烬山脉-山地,灰烬山脉-树林,灰烬山脉-草地,,,,大沙漠-沙地,大沙漠-沙地,大沙漠-沙地,大沙漠-沙地,大沙漠-沙地,大沙漠-沙地,大沙漠-沙地,大沙漠-沙地,大沙漠-沙地,大沙漠-沙地,大沙漠-沙地,大沙漠-沙地,大沙漠-沙地,大沙漠-沙地,大沙漠-沙地,大沙漠-沙地,大沙漠-沙地,大沙漠-沙地,大沙漠-沙地,大沙漠-沙地,大沙漠-沙地,大沙漠-沙地,大沙漠-沙地,大沙漠-沙地,大沙漠-沙地,大沙漠-沙地,大沙漠-沙地,,,,清泉平原-草地,清泉平原-草地,清泉平原-草地,清泉平原-草地,清泉平原-草地,清泉平原-草地,清泉平原-草地,清泉平原-草地,清泉平原-草地,清泉平原-草地,清泉平原-草地,清泉平原-草地,清泉平原-草地,清泉平原-草地,清泉平原-岸边,清泉平原-岸边,清泉平原-岸边,清泉平原-岸边,清泉平原-岸边,清泉平原-岸边,,,,浊水沼泽-岸边,浊水沼泽-岸边,浊水沼泽-岸边,浊水沼泽-岸边,浊水沼泽-岸边,浊水沼泽-岸边,浊水沼泽-岸边,浊水沼泽-岸边,浊水沼泽-岸边,浊水沼泽-岸边,浊水沼泽-岸边,浊水沼泽-岸边,浊水沼泽-岸边,浊水沼泽-岸边,浊水沼泽-岸边,浊水沼泽-岸边,浊水沼泽-岸边
灰烬山脉-山地,灰烬山脉-山地,灰烬山脉-山地,灰烬山脉-山地,灰烬山脉-山地,灰烬山脉-山地,灰烬山脉-山地,灰烬山脉-山地,灰烬山脉-山地,灰烬山脉-山地,灰烬山脉-山地,灰烬山脉-山地,灰烬山脉-山地,灰烬山脉-山地,灰烬山脉-山地,灰烬山脉-山地,灰烬山脉-山地,灰烬山脉-山地,灰烬山脉-山地,灰烬山脉-山地,灰烬山脉-山地,灰烬山脉-山地,灰烬山脉-山地,灰烬山脉-山地,灰烬山脉-山地,灰烬山脉-树林,灰烬山脉-草地,,,,大沙漠-沙地,大沙漠-沙地,大沙漠-沙地,大沙漠-沙地,大沙漠-沙地,大沙漠-沙地,大沙漠-沙地,大沙漠-沙地,大沙漠-沙地,大沙漠-沙地,大沙漠-沙地,大沙漠-沙地,大沙漠-沙地,大沙漠-沙地,大沙漠-沙地,大沙漠-沙地,大沙漠-沙地,大沙漠-沙地,大沙漠-沙地,大沙漠-沙地,大沙漠-沙地,大沙漠-沙地,大沙漠-沙地,大沙漠-沙地,大沙漠-沙地,大沙漠-沙地,大沙漠-沙地,,,,清泉平原-草地,清泉平原-草地,清泉平原-草地,清泉平原-草地,清泉平原-草地,清泉平原-草地,清泉平原-草地,清泉平原-草地,清泉平原-草地,清泉平原-草地,清泉平原-草地,清泉平原-草地,清泉平原-草地,清泉平原-草地,清泉平原-草地,清泉平原-草地,清泉平原-草地,清泉平原-草地,清泉平原-草地,清泉平原-草地,,,,浊水沼泽-草地,浊水沼泽-草地,浊水沼泽-草地,浊水沼泽-草地,浊水沼泽-草地,浊水沼泽-草地,浊水沼泽-草地,浊水沼泽-草地,浊水沼泽-草地,浊水沼泽-草地,浊水沼泽-草地,浊水沼泽-草地,浊水沼泽-草地,浊水沼泽-草地,浊水沼泽-草地,浊水沼泽-草地,浊水沼泽-岸边
灰烬山脉-草地,灰烬山脉-草地,灰烬山脉-草地,灰烬山脉-草地,灰烬山脉-草地,灰烬山脉-草地,灰烬山脉-草地,灰烬山脉-草地,灰烬山脉-草地,灰烬山脉-草地,灰烬山脉-草地,灰烬山脉-草地,灰烬山脉-草地,灰烬山脉-草地,灰烬山脉-草地,灰烬山脉-草地,灰烬山脉-草地,灰烬山脉-草地,灰烬山脉-草地,灰烬山脉-草地,灰烬山脉-草地,灰烬山脉-草地,灰烬山脉-草地,灰烬山脉-草地,灰烬山脉-草地,灰烬山脉-树林,灰烬山脉-草地,,,,大沙漠-沙地,大沙漠-沙地,大沙漠-沙地,大沙漠-沙地,大沙漠-沙地,大沙漠-沙地,大沙漠-沙地,大沙漠-沙地,大沙漠-沙地,大沙漠-沙地,大沙漠-沙地,大沙漠-沙地,大沙漠-沙地,大沙漠-沙地,大沙漠-沙地,大沙漠-沙地,大沙漠-沙地,大沙漠-沙地,大沙漠-沙地,大沙漠-沙地,大沙漠-沙地,大沙漠-沙地,大沙漠-沙地,大沙漠-沙地,大沙漠-沙地,大沙漠-沙地,大沙漠-沙地,,,,清泉平原-草地,清泉平原-草地,清泉平原-草地,清泉平原-草地,清泉平原-草地,清泉平原-草地,,,,,,,,,,,,,,,,,,浊水沼泽-草地,浊水沼泽-草地,浊水沼泽-草地,浊水沼泽-草地,浊水沼泽-草地,浊水沼泽-草地,浊水沼泽-草地,浊水沼泽-草地,浊水沼泽-草地,浊水沼泽-草地,浊水沼泽-草地,浊水沼泽-草地,浊水沼泽-草地,浊水沼泽-草地,浊水沼泽-草地,浊水沼泽-草地,浊水沼泽-岸边
灰烬山脉-树林,灰烬山脉-树林,灰烬山脉-树林,灰烬山脉-树林,灰烬山脉-树林,灰烬山脉-树林,灰烬山脉-树林,灰烬山脉-树林,灰烬山脉-树林,灰烬山脉-树林,灰烬山脉-树林,灰烬山脉-树林,灰烬山脉-树林,灰烬山脉-树林,灰烬山脉-树林,灰烬山脉-树林,灰烬山脉-树林,灰烬山脉-树林,灰烬山脉-树林,灰烬山脉-树林,灰烬山脉-树林,灰烬山脉-树林,灰烬山脉-树林,灰烬山脉-树林,灰烬山脉-树林,灰烬山脉-树林,灰烬山脉-草地,,,,大沙漠-沙地,大沙漠-沙地,大沙漠-沙地,大沙漠-沙地,大沙漠-沙地,大沙漠-沙地,大沙漠-沙地,大沙漠-沙地,大沙漠-沙地,大沙漠-沙地,大沙漠-沙地,大沙漠-沙地,大沙漠-沙地,大沙漠-沙地,大沙漠-沙地,大沙漠-沙地,大沙漠-沙地,大沙漠-沙地,大沙漠-沙地,大沙漠-沙地,大沙漠-沙地,大沙漠-沙地,大沙漠-沙地,大沙漠-沙地,大沙漠-沙地,大沙漠-沙地,大沙漠-沙地,,,,清泉平原-草地,清泉平原-稻田,清泉平原-稻田,清泉平原-稻田,清泉平原-稻田,清泉平原-草地,,,,,,,,,,,,,,,,,,浊水沼泽-草地,浊水沼泽-草地,浊水沼泽-沼泽,浊水沼泽-沼泽,浊水沼泽-草地,浊水沼泽-沼泽,浊水沼泽-沼泽,浊水沼泽-沼泽,浊水沼泽-沼泽,浊水沼泽-沼泽,浊水沼泽-沼泽,浊水沼泽-沼泽,浊水沼泽-沼泽,浊水沼泽-沼泽,浊水沼泽-沼泽,浊水沼泽-草地,浊水沼泽-岸边
灰烬山脉-树林,灰烬山脉-树林,灰烬山脉-树林,灰烬山脉-树林,灰烬山脉-树林,灰烬山脉-树林,灰烬山脉-树林,灰烬山脉-树林,灰烬山脉-树林,灰烬山脉-树林,灰烬山脉-树林,灰烬山脉-树林,灰烬山脉-树林,灰烬山脉-树林,灰烬山脉-树林,灰烬山脉-树林,灰烬山脉-树林,灰烬山脉-树林,灰烬山脉-树林,灰烬山脉-树林,灰烬山脉-树林,灰烬山脉-树林,灰烬山脉-树林,灰烬山脉-树林,灰烬山脉-树林,灰烬山脉-树林,灰烬山脉-草地,,,,大沙漠-沙地,大沙漠-沙地,大沙漠-沙地,大沙漠-沙地,大沙漠-沙地,大沙漠-沙地,大沙漠-沙地,大沙漠-沙地,大沙漠-沙地,大沙漠-沙地,大沙漠-沙地,大沙漠-沙地,大沙漠-沙地,大沙漠-沙地,大沙漠-沙地,大沙漠-沙地,大沙漠-沙地,大沙漠-沙地,大沙漠-沙地,大沙漠-沙地,大沙漠-沙地,大沙漠-沙地,大沙漠-沙地,大沙漠-沙地,大沙漠-沙地,大沙漠-沙地,大沙漠-沙地,,,,清泉平原-草地,清泉平原-稻田,清泉平原-稻田,清泉平原-稻田,清泉平原-稻田,清泉平原-草地,,,,,,,,,,,,,,,,,,浊水沼泽-草地,浊水沼泽-草地,浊水沼泽-沼泽,浊水沼泽-沼泽,浊水沼泽-草地,浊水沼泽-沼泽,浊水沼泽-沼泽,浊水沼泽-沼泽,浊水沼泽-沼泽,浊水沼泽-沼泽,浊水沼泽-沼泽,浊水沼泽-沼泽,浊水沼泽-沼泽,浊水沼泽-草地,浊水沼泽-沼泽,浊水沼泽-草地,浊水沼泽-岸边
灰烬山脉-草地,灰烬山脉-草地,灰烬山脉-草地,灰烬山脉-草地,灰烬山脉-草地,灰烬山脉-草地,灰烬山脉-草地,灰烬山脉-草地,灰烬山脉-草地,灰烬山脉-草地,灰烬山脉-草地,灰烬山脉-草地,灰烬山脉-草地,灰烬山脉-草地,灰烬山脉-草地,灰烬山脉-草地,灰烬山脉-草地,灰烬山脉-草地,灰烬山脉-草地,灰烬山脉-草地,灰烬山脉-草地,灰烬山脉-草地,灰烬山脉-草地,灰烬山脉-草地,灰烬山脉-草地,灰烬山脉-草地,灰烬山脉-草地,,,,大沙漠-沙地,大沙漠-沙地,大沙漠-沙地,大沙漠-沙地,大沙漠-沙地,大沙漠-沙地,大沙漠-沙地,大沙漠-沙地,大沙漠-沙地,大沙漠-沙地,大沙漠-沙地,大沙漠-沙地,大沙漠-沙地,大沙漠-沙地,大沙漠-沙地,大沙漠-沙地,大沙漠-沙地,大沙漠-沙地,大沙漠-沙地,大沙漠-沙地,大沙漠-沙地,大沙漠-沙地,大沙漠-沙地,大沙漠-沙地,大沙漠-沙地,大沙漠-沙地,大沙漠-沙地,,,,清泉平原-草地,清泉平原-稻田,清泉平原-稻田,清泉平原-稻田,清泉平原-稻田,清泉平原-草地,,,,圣泉镇-草地,圣泉镇-草地,圣泉镇-草地,圣泉镇-草地,圣泉镇-草地,圣泉镇-牢房,圣泉镇-草地,圣泉镇-草地,圣泉镇-草地,圣泉镇-草地,圣泉镇-草地,,,,浊水沼泽-草地,浊水沼泽-草地,浊水沼泽-沼泽,浊水沼泽-沼泽,浊水沼泽-草地,浊水沼泽-沼泽,浊水沼泽-沼泽,浊水沼泽-沼泽,浊水沼泽-沼泽,浊水沼泽-沼泽,浊水沼泽-沼泽,浊水沼泽-沼泽,浊水沼泽-沼泽,浊水沼泽-草地,浊水沼泽-沼泽,浊水沼泽-草地,浊水沼泽-岸边
,,,,,,,,,,,,,灰烬山脉-草地,,,,,,,,,,,,,,,,,大沙漠-沙地,大沙漠-沙地,大沙漠-沙地,大沙漠-沙地,大沙漠-沙地,大沙漠-沙地,大沙漠-沙地,大沙漠-沙地,大沙漠-沙地,大沙漠-沙地,大沙漠-沙地,大沙漠-沙地,大沙漠-沙地,大沙漠-沙地,大沙漠-沙地,大沙漠-沙地,大沙漠-沙地,大沙漠-沙地,大沙漠-沙地,大沙漠-沙地,大沙漠-沙地,大沙漠-沙地,大沙漠-沙地,大沙漠-沙地,大沙漠-沙地,大沙漠-沙地,大沙漠-沙地,,,,清泉平原-草地,清泉平原-稻田,清泉平原-稻田,清泉平原-稻田,清泉平原-稻田,清泉平原-草地,,,,圣泉镇-草地,圣泉镇-草地,圣泉镇-草地,圣泉镇-草地,圣泉镇-草地,圣泉镇-警察局,圣泉镇-草地,圣泉镇-草地,圣泉镇-草地,圣泉镇-草地,圣泉镇-草地,,,,浊水沼泽-草地,浊水沼泽-草地,浊水沼泽-沼泽,浊水沼泽-沼泽,浊水沼泽-草地,浊水沼泽-草地,浊水沼泽-草地,浊水沼泽-草地,浊水沼泽-草地,浊水沼泽-草地,浊水沼泽-草地,浊水沼泽-草地,浊水沼泽-草地,浊水沼泽-草地,浊水沼泽-沼泽,浊水沼泽-草地,浊水沼泽-岸边
,,,,,,,,,,,,,,,,,,,,,,,,,,,,,,大沙漠-沙地,大沙漠-沙地,大沙漠-沙地,大沙漠-沙地,大沙漠-沙地,大沙漠-沙地,大沙漠-沙地,大沙漠-沙地,大沙漠-沙地,大沙漠-沙地,大沙漠-沙地,大沙漠-沙地,大沙漠-沙地,大沙漠-沙地,大沙漠-沙地,大沙漠-沙地,大沙漠-沙地,大沙漠-沙地,大沙漠-沙地,大沙漠-沙地,大沙漠-沙地,大沙漠-沙地,大沙漠-沙地,大沙漠-沙地,大沙漠-沙地,大沙漠-沙地,大沙漠-沙地,,,,清泉平原-草地,清泉平原-稻田,清泉平原-稻田,清泉平原-稻田,清泉平原-稻田,清泉平原-草地,,,,圣泉镇-草地,圣泉镇-草地,圣泉镇-草地,圣泉镇-草地,圣泉镇-餐馆,圣泉镇-路,圣泉镇-医院,圣泉镇-草地,圣泉镇-草地,圣泉镇-草地,圣泉镇-草地,,,,浊水沼泽-草地,浊水沼泽-草地,浊水沼泽-草地,浊水沼泽-草地,浊水沼泽-草地,浊水沼泽-草地,浊水沼泽-沼泽,浊水沼泽-沼泽,浊水沼泽-沼泽,浊水沼泽-草地,浊水沼泽-沼泽,浊水沼泽-沼泽,浊水沼泽-沼泽,浊水沼泽-沼泽,浊水沼泽-沼泽,浊水沼泽-草地,浊水沼泽-岸边
,,,,,,,,,,,,,大沙漠-沙地,,,,,,,,,,,,,,,,,大沙漠-沙地,大沙漠-沙地,大沙漠-沙地,大沙漠-沙地,大沙漠-沙地,大沙漠-沙地,大沙漠-沙地,大沙漠-沙地,大沙漠-沙地,大沙漠-沙地,大沙漠-沙地,大沙漠-沙地,大沙漠-沙地,大沙漠-沙地,大沙漠-沙地,大沙漠-沙地,大沙漠-沙地,大沙漠-沙地,大沙漠-沙地,大沙漠-沙地,大沙漠-沙地,大沙漠-沙地,大沙漠-沙地,大沙漠-沙地,大沙漠-沙地,大沙漠-沙地,大沙漠-沙地,,,,清泉平原-草地,清泉平原-稻田,清泉平原-稻田,清泉平原-稻田,清泉平原-稻田,清泉平原-草地,,,,圣泉镇-草地,圣泉镇-草地,圣泉镇-草地,圣泉镇-草地,圣泉镇-草地,圣泉镇-路,圣泉镇-草地,圣泉镇-草地,圣泉镇-草地,圣泉镇-草地,圣泉镇-草地,,,,浊水沼泽-草地,浊水沼泽-稻田,浊水沼泽-稻田,浊水沼泽-稻田,浊水沼泽-稻田,浊水沼泽-草地,浊水沼泽-沼泽,浊水沼泽-沼泽,浊水沼泽-沼泽,浊水沼泽-草地,浊水沼泽-沼泽,浊水沼泽-沼泽,浊水沼泽-沼泽,浊水沼泽-沼泽,浊水沼泽-沼泽,浊水沼泽-草地,浊水沼泽-岸边
大沙漠-沙地,大沙漠-沙地,大沙漠-沙地,大沙漠-沙地,大沙漠-沙地,大沙漠-沙地,大沙漠-沙地,大沙漠-沙地,大沙漠-沙地,大沙漠-沙地,大沙漠-沙地,大沙漠-沙地,大沙漠-沙地,大沙漠-沙地,大沙漠-沙地,大沙漠-沙地,大沙漠-沙地,大沙漠-沙地,大沙漠-沙地,大沙漠-沙地,大沙漠-沙地,大沙漠-沙地,大沙漠-沙地,大沙漠-沙地,大沙漠-沙地,大沙漠-沙地,大沙漠-沙地,大沙漠-沙地,大沙漠-沙地,大沙漠-沙地,大沙漠-沙地,大沙漠-沙地,大沙漠-沙地,大沙漠-沙地,大沙漠-沙地,大沙漠-沙地,大沙漠-沙地,大沙漠-沙地,大沙漠-沙地,大沙漠-沙地,大沙漠-沙地,大沙漠-沙地,大沙漠-沙地,大沙漠-沙地,大沙漠-沙地,大沙漠-沙地,大沙漠-沙地,大沙漠-沙地,大沙漠-沙地,大沙漠-沙地,大沙漠-沙地,大沙漠-沙地,大沙漠-沙地,大沙漠-沙地,大沙漠-沙地,大沙漠-沙地,大沙漠-沙地,,,,清泉平原-草地,清泉平原-稻田,清泉平原-稻田,清泉平原-稻田,清泉平原-稻田,清泉平原-草地,,,,圣泉镇-草地,圣泉镇-草地,圣泉镇-草地,圣泉镇-草地,圣泉镇-水源,圣泉镇-水源,圣泉镇-水源,圣泉镇-草地,圣泉镇-草地,圣泉镇-草地,圣泉镇-草地,,,,浊水沼泽-草地,浊水沼泽-稻田,浊水沼泽-稻田,浊水沼泽-稻田,浊水沼泽-稻田,浊水沼泽-草地,浊水沼泽-沼泽,浊水沼泽-沼泽,浊水沼泽-沼泽,浊水沼泽-草地,浊水沼泽-沼泽,浊水沼泽-沼泽,浊水沼泽-草地,浊水沼泽-草地,浊水沼泽-草地,浊水沼泽-草地,浊水沼泽-岸边
大沙漠-沙地,大沙漠-沙地,大沙漠-沙地,大沙漠-沙地,大沙漠-沙地,大沙漠-沙地,大沙漠-沙地,大沙漠-沙地,大沙漠-沙地,大沙漠-沙地,大沙漠-沙地,大沙漠-沙地,大沙漠-沙地,大沙漠-沙地,大沙漠-沙地,大沙漠-沙地,大沙漠-沙地,大沙漠-沙地,大沙漠-沙地,大沙漠-沙地,大沙漠-沙地,大沙漠-沙地,大沙漠-沙地,大沙漠-沙地,大沙漠-沙地,大沙漠-沙地,大沙漠-沙地,大沙漠-沙地,大沙漠-沙地,大沙漠-沙地,大沙漠-沙地,大沙漠-沙地,大沙漠-沙地,大沙漠-沙地,大沙漠-沙地,大沙漠-沙地,大沙漠-沙地,大沙漠-沙地,大沙漠-沙地,大沙漠-沙地,大沙漠-沙地,大沙漠-沙地,大沙漠-沙地,大沙漠-沙地,大沙漠-沙地,大沙漠-沙地,大沙漠-沙地,大沙漠-沙地,大沙漠-沙地,大沙漠-沙地,大沙漠-沙地,大沙漠-沙地,大沙漠-沙地,大沙漠-沙地,大沙漠-沙地,大沙漠-沙地,大沙漠-沙地,大沙漠-沙地,,清泉平原-草地,清泉平原-草地,清泉平原-稻田,清泉平原-稻田,清泉平原-稻田,清泉平原-稻田,清泉平原-草地,清泉平原-草地,,圣泉镇-路,圣泉镇-路,圣泉镇-路,圣泉镇-路,圣泉镇-路,圣泉镇-水源,圣泉镇-遗迹,圣泉镇-水源,圣泉镇-路,圣泉镇-路,圣泉镇-路,圣泉镇-路,圣泉镇-路,,浊水沼泽-草地,浊水沼泽-草地,浊水沼泽-稻田,浊水沼泽-稻田,浊水沼泽-稻田,浊水沼泽-稻田,浊水沼泽-草地,浊水沼泽-沼泽,浊水沼泽-沼泽,浊水沼泽-沼泽,浊水沼泽-草地,浊水沼泽-沼泽,浊水沼泽-沼泽,浊水沼泽-草地,浊水沼泽-沼泽,浊水沼泽-沼泽,浊水沼泽-草地,浊水沼泽-岸边
大沙漠-沙地,大沙漠-沙地,大沙漠-沙地,大沙漠-沙地,大沙漠-沙地,大沙漠-沙地,大沙漠-沙地,大沙漠-沙地,大沙漠-沙地,大沙漠-沙地,大沙漠-沙地,大沙漠-沙地,大沙漠-沙地,大沙漠-沙地,大沙漠-沙地,大沙漠-沙地,大沙漠-沙地,大沙漠-沙地,大沙漠-沙地,大沙漠-沙地,大沙漠-沙地,大沙漠-沙地,大沙漠-沙地,大沙漠-沙地,大沙漠-沙地,大沙漠-沙地,大沙漠-沙地,大沙漠-沙地,大沙漠-沙地,大沙漠-沙地,大沙漠-沙地,大沙漠-沙地,大沙漠-沙地,大沙漠-沙地,大沙漠-沙地,大沙漠-沙地,大沙漠-沙地,大沙漠-沙地,大沙漠-沙地,大沙漠-沙地,大沙漠-沙地,大沙漠-沙地,大沙漠-沙地,大沙漠-沙地,大沙漠-沙地,大沙漠-沙地,大沙漠-沙地,大沙漠-沙地,大沙漠-沙地,大沙漠-沙地,大沙漠-沙地,大沙漠-沙地,大沙漠-沙地,大沙漠-沙地,大沙漠-沙地,大沙漠-沙地,大沙漠-沙地,,,,清泉平原-草地,清泉平原-稻田,清泉平原-稻田,清泉平原-稻田,清泉平原-稻田,清泉平原-草地,,,,圣泉镇-草地,圣泉镇-草地,圣泉镇-路,圣泉镇-草地,圣泉镇-水源,圣泉镇-水源,圣泉镇-水源,圣泉镇-草地,圣泉镇-路,圣泉镇-草地,圣泉镇-草地,,,,浊水沼泽-草地,浊水沼泽-稻田,浊水沼泽-稻田,浊水沼泽-稻田,浊水沼泽-稻田,浊水沼泽-草地,浊水沼泽-沼泽,浊水沼泽-沼泽,浊水沼泽-沼泽,浊水沼泽-草地,浊水沼泽-沼泽,浊水沼泽-沼泽,浊水沼泽-草地,浊水沼泽-沼泽,浊水沼泽-沼泽,浊水沼泽-草地,浊水沼泽-岸边
大沙漠-沙地,大沙漠-沙地,大沙漠-沙地,大沙漠-沙地,大沙漠-沙地,大沙漠-沙地,大沙漠-沙地,大沙漠-沙地,大沙漠-沙地,大沙漠-沙地,大沙漠-沙地,大沙漠-沙地,大沙漠-沙地,大沙漠-沙地,大沙漠-沙地,大沙漠-沙地,大沙漠-沙地,大沙漠-沙地,大沙漠-沙地,大沙漠-沙地,大沙漠-沙地,大沙漠-沙地,大沙漠-沙地,大沙漠-沙地,大沙漠-沙地,大沙漠-沙地,大沙漠-沙地,大沙漠-沙地,大沙漠-沙地,大沙漠-沙地,大沙漠-沙地,大沙漠-沙地,大沙漠-沙地,大沙漠-沙地,大沙漠-沙地,大沙漠-沙地,大沙漠-沙地,大沙漠-沙地,大沙漠-沙地,大沙漠-沙地,大沙漠-沙地,大沙漠-沙地,大沙漠-沙地,大沙漠-沙地,大沙漠-沙地,大沙漠-沙地,大沙漠-沙地,大沙漠-沙地,大沙漠-沙地,大沙漠-沙地,大沙漠-沙地,大沙漠-沙地,大沙漠-沙地,大沙漠-沙地,大沙漠-沙地,大沙漠-沙地,大沙漠-沙地,,,,清泉平原-草地,清泉平原-稻田,清泉平原-稻田,清泉平原-稻田,清泉平原-稻田,清泉平原-草地,,,,圣泉镇-草地,圣泉镇-草地,圣泉镇-路,圣泉镇-草地,圣泉镇-草地,圣泉镇-路,圣泉镇-草地,圣泉镇-草地,圣泉镇-路,圣泉镇-草地,圣泉镇-草地,,,,浊水沼泽-草地,浊水沼泽-稻田,浊水沼泽-稻田,浊水沼泽-稻田,浊水沼泽-稻田,浊水沼泽-草地,浊水沼泽-沼泽,浊水沼泽-沼泽,浊水沼泽-沼泽,浊水沼泽-草地,浊水沼泽-沼泽,浊水沼泽-沼泽,浊水沼泽-草地,浊水沼泽-沼泽,浊水沼泽-沼泽,浊水沼泽-草地,浊水沼泽-岸边
大沙漠-沙地,大沙漠-沙地,大沙漠-沙地,大沙漠-沙地,大沙漠-沙地,大沙漠-沙地,大沙漠-沙地,大沙漠-沙地,大沙漠-沙地,大沙漠-沙地,大沙漠-沙地,大沙漠-沙地,大沙漠-沙地,大沙漠-沙地,大沙漠-沙地,大沙漠-沙地,,,,,,,,,大沙漠-沙地,,,,,,,,,大沙漠-沙地,大沙漠-沙地,大沙漠-沙地,大沙漠-沙地,大沙漠-沙地,大沙漠-沙地,大沙漠-沙地,大沙漠-沙地,大沙漠-沙地,大沙漠-沙地,大沙漠-沙地,大沙漠-沙地,大沙漠-沙地,大沙漠-沙地,大沙漠-沙地,大沙漠-沙地,大沙漠-沙地,大沙漠-沙地,大沙漠-沙地,大沙漠-沙地,大沙漠-沙地,大沙漠-沙地,大沙漠-沙地,大沙漠-沙地,,,,清泉平原-草地,清泉平原-稻田,清泉平原-稻田,清泉平原-稻田,清泉平原-稻田,清泉平原-草地,,,,圣泉镇-草地,圣泉镇-轻装店,圣泉镇-路,圣泉镇-重装店,圣泉镇-草地,圣泉镇-路,圣泉镇-草地,圣泉镇-矿工的家,圣泉镇-路,圣泉镇-农夫的家,圣泉镇-草地,,,,浊水沼泽-草地,浊水沼泽-稻田,浊水沼泽-稻田,浊水沼泽-稻田,浊水沼泽-稻田,浊水沼泽-草地,浊水沼泽-草地,浊水沼泽-草地,浊水沼泽-草地,浊水沼泽-草地,浊水沼泽-沼泽,浊水沼泽-沼泽,浊水沼泽-草地,浊水沼泽-沼泽,浊水沼泽-沼泽,浊水沼泽-草地,浊水沼泽-岸边
大沙漠-沙地,大沙漠-沙地,大沙漠-沙地,大沙漠-沙地,大沙漠-沙地,大沙漠-沙地,大沙漠-沙地,大沙漠-沙地,大沙漠-沙地,大沙漠-沙地,大沙漠-沙地,大沙漠-沙地,大沙漠-沙地,大沙漠-沙地,大沙漠-沙地,大沙漠-沙地,,,,,,,,,,,,,,,,,,大沙漠-沙地,大沙漠-沙地,大沙漠-沙地,大沙漠-沙地,大沙漠-沙地,大沙漠-沙地,大沙漠-沙地,大沙漠-沙地,大沙漠-沙地,大沙漠-沙地,大沙漠-沙地,大沙漠-沙地,大沙漠-沙地,大沙漠-沙地,大沙漠-沙地,大沙漠-沙地,大沙漠-沙地,大沙漠-沙地,大沙漠-沙地,大沙漠-沙地,大沙漠-沙地,大沙漠-沙地,大沙漠-沙地,大沙漠-沙地,,,,清泉平原-草地,清泉平原-稻田,清泉平原-稻田,清泉平原-稻田,清泉平原-稻田,清泉平原-草地,,,,圣泉镇-草地,圣泉镇-草地,圣泉镇-草地,圣泉镇-草地,圣泉镇-草地,圣泉镇-路,圣泉镇-草地,圣泉镇-草地,圣泉镇-商会,圣泉镇-草地,圣泉镇-草地,,,,浊水沼泽-草地,浊水沼泽-稻田,浊水沼泽-稻田,浊水沼泽-稻田,浊水沼泽-稻田,浊水沼泽-草地,浊水沼泽-沼泽,浊水沼泽-沼泽,浊水沼泽-沼泽,浊水沼泽-草地,浊水沼泽-沼泽,浊水沼泽-沼泽,浊水沼泽-草地,浊水沼泽-沼泽,浊水沼泽-沼泽,浊水沼泽-草地,浊水沼泽-岸边
大沙漠-沙地,大沙漠-沙地,大沙漠-沙地,大沙漠-沙地,大沙漠-沙地,大沙漠-沙地,大沙漠-沙地,大沙漠-沙地,大沙漠-沙地,大沙漠-沙地,大沙漠-沙地,大沙漠-沙地,大沙漠-沙地,大沙漠-沙地,大沙漠-沙地,大沙漠-沙地,,,,,,,,,绿洲营地-沙地,,,,,,,,,大沙漠-沙地,大沙漠-沙地,大沙漠-沙地,大沙漠-沙地,大沙漠-沙地,大沙漠-沙地,大沙漠-沙地,大沙漠-沙地,大沙漠-沙地,大沙漠-沙地,大沙漠-沙地,大沙漠-沙地,大沙漠-沙地,大沙漠-沙地,大沙漠-沙地,大沙漠-沙地,大沙漠-沙地,大沙漠-沙地,大沙漠-沙地,大沙漠-沙地,大沙漠-沙地,大沙漠-沙地,大沙漠-沙地,大沙漠-沙地,,,,清泉平原-草地,清泉平原-草地,清泉平原-草地,清泉平原-草地,清泉平原-草地,清泉平原-草地,,,,圣泉镇-草地,圣泉镇-草地,圣泉镇-草地,圣泉镇-草地,圣泉镇-草地,圣泉镇-路,圣泉镇-草地,圣泉镇-草地,圣泉镇-草地,圣泉镇-草地,圣泉镇-草地,,,,浊水沼泽-草地,浊水沼泽-稻田,浊水沼泽-稻田,浊水沼泽-稻田,浊水沼泽-稻田,浊水沼泽-草地,浊水沼泽-沼泽,浊水沼泽-沼泽,浊水沼泽-沼泽,浊水沼泽-草地,浊水沼泽-沼泽,浊水沼泽-沼泽,浊水沼泽-草地,浊水沼泽-沼泽,浊水沼泽-沼泽,浊水沼泽-草地,浊水沼泽-岸边
大沙漠-沙地,大沙漠-沙地,大沙漠-沙地,大沙漠-沙地,大沙漠-沙地,大沙漠-沙地,大沙漠-沙地,大沙漠-沙地,大沙漠-沙地,大沙漠-沙地,大沙漠-沙地,大沙漠-沙地,大沙漠-沙地,大沙漠-沙地,大沙漠-沙地,大沙漠-沙地,,,,绿洲营地-沙地,绿洲营地-沙地,绿洲营地-沙地,绿洲营地-沙地,绿洲营地-沙地,绿洲营地-沙地,绿洲营地-沙地,绿洲营地-沙地,绿洲营地-沙地,绿洲营地-沙地,绿洲营地-沙地,,,,大沙漠-沙地,大沙漠-沙地,大沙漠-沙地,大沙漠-沙地,大沙漠-沙地,大沙漠-沙地,大沙漠-沙地,大沙漠-沙地,大沙漠-沙地,大沙漠-沙地,大沙漠-沙地,大沙漠-沙地,大沙漠-沙地,大沙漠-沙地,大沙漠-沙地,大沙漠-沙地,大沙漠-沙地,大沙漠-沙地,大沙漠-沙地,大沙漠-沙地,大沙漠-沙地,大沙漠-沙地,大沙漠-沙地,大沙漠-沙地,,,,,,,,,,,,,,,,,,圣泉镇-路,,,,,,,,,浊水沼泽-草地,浊水沼泽-稻田,浊水沼泽-稻田,浊水沼泽-稻田,浊水沼泽-稻田,浊水沼泽-草地,浊水沼泽-沼泽,浊水沼泽-沼泽,浊水沼泽-沼泽,浊水沼泽-沼泽,浊水沼泽-沼泽,浊水沼泽-沼泽,浊水沼泽-草地,浊水沼泽-沼泽,浊水沼泽-沼泽,浊水沼泽-草地,浊水沼泽-岸边
大沙漠-沙地,大沙漠-沙地,大沙漠-沙地,大沙漠-沙地,大沙漠-沙地,大沙漠-沙地,大沙漠-沙地,大沙漠-沙地,大沙漠-沙地,大沙漠-沙地,大沙漠-沙地,大沙漠-沙地,大沙漠-沙地,大沙漠-沙地,大沙漠-沙地,大沙漠-沙地,,,,绿洲营地-沙地,绿洲营地-沙地,绿洲营地-沙地,绿洲营地-沙地,绿洲营地-瓜地,绿洲营地-瓜地,绿洲营地-瓜地,绿洲营地-沙地,绿洲营地-沙地,绿洲营地-沙地,绿洲营地-沙地,,,,大沙漠-沙地,大沙漠-沙地,大沙漠-沙地,大沙漠-沙地,大沙漠-沙地,大沙漠-沙地,大沙漠-沙地,大沙漠-沙地,大沙漠-沙地,大沙漠-沙地,大沙漠-沙地,大沙漠-沙地,大沙漠-沙地,大沙漠-沙地,大沙漠-沙地,大沙漠-沙地,大沙漠-沙地,大沙漠-沙地,大沙漠-沙地,大沙漠-沙地,大沙漠-沙地,大沙漠-沙地,大沙漠-沙地,大沙漠-沙地,,,,,,,,,,,,,,,,,,,,,,,,,,,浊水沼泽-草地,浊水沼泽-稻田,浊水沼泽-稻田,浊水沼泽-稻田,浊水沼泽-稻田,浊水沼泽-草地,浊水沼泽-沼泽,浊水沼泽-沼泽,浊水沼泽-沼泽,浊水沼泽-沼泽,浊水沼泽-沼泽,浊水沼泽-沼泽,浊水沼泽-草地,浊水沼泽-沼泽,浊水沼泽-沼泽,浊水沼泽-草地,浊水沼泽-岸边
大沙漠-沙地,大沙漠-沙地,大沙漠-沙地,大沙漠-沙地,大沙漠-沙地,大沙漠-沙地,大沙漠-沙地,大沙漠-沙地,大沙漠-沙地,大沙漠-沙地,大沙漠-沙地,大沙漠-沙地,大沙漠-沙地,大沙漠-沙地,大沙漠-沙地,大沙漠-沙地,,,,绿洲营地-沙地,绿洲营地-沙地,绿洲营地-草地,绿洲营地-农夫的家,绿洲营地-草地,绿洲营地-商会,绿洲营地-草地,绿洲营地-矿工的家,绿洲营地-草地,绿洲营地-沙地,绿洲营地-沙地,,,,大沙漠-沙地,大沙漠-沙地,大沙漠-沙地,大沙漠-沙地,大沙漠-沙地,大沙漠-沙地,大沙漠-沙地,大沙漠-沙地,大沙漠-沙地,大沙漠-沙地,大沙漠-沙地,大沙漠-沙地,大沙漠-沙地,大沙漠-沙地,大沙漠-沙地,大沙漠-沙地,大沙漠-沙地,大沙漠-沙地,大沙漠-沙地,大沙漠-沙地,大沙漠-沙地,大沙漠-沙地,大沙漠-沙地,大沙漠-沙地,,,,,,,,,,,,,,,,,,古湖盆地-草地,,,,,,,,,浊水沼泽-草地,浊水沼泽-稻田,浊水沼泽-稻田,浊水沼泽-稻田,浊水沼泽-稻田,浊水沼泽-草地,浊水沼泽-草地,浊水沼泽-草地,浊水沼泽-草地,浊水沼泽-草地,浊水沼泽-草地,浊水沼泽-草地,浊水沼泽-草地,浊水沼泽-沼泽,浊水沼泽-沼泽,浊水沼泽-草地,浊水沼泽-岸边
大沙漠-沙地,大沙漠-沙地,大沙漠-沙地,大沙漠-沙地,大沙漠-沙地,大沙漠-沙地,大沙漠-沙地,大沙漠-沙地,大沙漠-沙地,大沙漠-沙地,大沙漠-沙地,大沙漠-沙地,大沙漠-沙地,大沙漠-沙地,大沙漠-沙地,大沙漠-沙地,,,,绿洲营地-沙地,绿洲营地-沙地,绿洲营地-餐馆,绿洲营地-岸边,绿洲营地-岸边,绿洲营地-岸边,绿洲营地-岸边,绿洲营地-岸边,绿洲营地-轻装店,绿洲营地-沙地,绿洲营地-沙地,,,,大沙漠-沙地,大沙漠-沙地,大沙漠-沙地,大沙漠-沙地,大沙漠-沙地,大沙漠-沙地,大沙漠-沙地,大沙漠-沙地,大沙漠-沙地,大沙漠-沙地,大沙漠-沙地,大沙漠-沙地,大沙漠-沙地,大沙漠-沙地,大沙漠-沙地,大沙漠-沙地,大沙漠-沙地,大沙漠-沙地,大沙漠-沙地,大沙漠-沙地,大沙漠-沙地,大沙漠-沙地,大沙漠-沙地,大沙漠-沙地,,,,,,,古湖盆地-草地,古湖盆地-草地,古湖盆地-草地,古湖盆地-草地,古湖盆地-草地,古湖盆地-草地,古湖盆地-草地,古湖盆地-草地,古湖盆地-草地,古湖盆地-草地,古湖盆地-草地,古湖盆地-草地,古湖盆地-草地,古湖盆地-草地,古湖盆地-草地,古湖盆地-草地,古湖盆地-草地,古湖盆地-草地,,浊水沼泽-草地,浊水沼泽-草地,浊水沼泽-稻田,浊水沼泽-稻田,浊水沼泽-稻田,浊水沼泽-稻田,浊水沼泽-草地,浊水沼泽-沼泽,浊水沼泽-沼泽,浊水沼泽-沼泽,浊水沼泽-沼泽,浊水沼泽-沼泽,浊水沼泽-沼泽,浊水沼泽-沼泽,浊水沼泽-沼泽,浊水沼泽-沼泽,浊水沼泽-草地,浊水沼泽-岸边
大沙漠-沙地,大沙漠-沙地,大沙漠-沙地,大沙漠-沙地,大沙漠-沙地,大沙漠-沙地,大沙漠-沙地,大沙漠-沙地,大沙漠-沙地,大沙漠-沙地,大沙漠-沙地,大沙漠-沙地,大沙漠-沙地,大沙漠-沙地,大沙漠-沙地,大沙漠-沙地,,,,绿洲营地-沙地,绿洲营地-瓜地,绿洲营地-草地,绿洲营地-岸边,,绿洲营地-桥,,绿洲营地-岸边,绿洲营地-草地,绿洲营地-瓜地,绿洲营地-沙地,,,,大沙漠-沙地,大沙漠-沙地,大沙漠-沙地,大沙漠-沙地,大沙漠-沙地,大沙漠-沙地,大沙漠-沙地,大沙漠-沙地,大沙漠-沙地,大沙漠-沙地,大沙漠-沙地,大沙漠-沙地,大沙漠-沙地,大沙漠-沙地,大沙漠-沙地,大沙漠-沙地,大沙漠-沙地,大沙漠-沙地,大沙漠-沙地,大沙漠-沙地,大沙漠-沙地,大沙漠-沙地,大沙漠-沙地,大沙漠-沙地,,,,,,古湖盆地-草地,古湖盆地-草地,古湖盆地-稻田,古湖盆地-稻田,古湖盆地-稻田,古湖盆地-稻田,古湖盆地-稻田,古湖盆地-稻田,古湖盆地-稻田,古湖盆地-稻田,古湖盆地-稻田,古湖盆地-草地,古湖盆地-草地,古湖盆地-草地,古湖盆地-草地,古湖盆地-草地,古湖盆地-草地,古湖盆地-草地,,,,浊水沼泽-草地,浊水沼泽-稻田,浊水沼泽-稻田,浊水沼泽-稻田,浊水沼泽-稻田,浊水沼泽-草地,浊水沼泽-沼泽,浊水沼泽-沼泽,浊水沼泽-沼泽,浊水沼泽-沼泽,浊水沼泽-沼泽,浊水沼泽-沼泽,浊水沼泽-沼泽,浊水沼泽-沼泽,浊水沼泽-沼泽,浊水沼泽-草地,浊水沼泽-岸边
大沙漠-沙地,大沙漠-沙地,大沙漠-沙地,大沙漠-沙地,大沙漠-沙地,大沙漠-沙地,大沙漠-沙地,大沙漠-沙地,大沙漠-沙地,大沙漠-沙地,大沙漠-沙地,大沙漠-沙地,大沙漠-沙地,大沙漠-沙地,大沙漠-沙地,大沙漠-沙地,大沙漠-沙地,,绿洲营地-沙地,绿洲营地-沙地,绿洲营地-瓜地,绿洲营地-草地,绿洲营地-岸边,绿洲营地-桥,绿洲营地-水源,绿洲营地-桥,绿洲营地-岸边,绿洲营地-草地,绿洲营地-瓜地,绿洲营地-沙地,绿洲营地-沙地,,大沙漠-沙地,大沙漠-沙地,大沙漠-沙地,大沙漠-沙地,大沙漠-沙地,大沙漠-沙地,大沙漠-沙地,大沙漠-沙地,大沙漠-沙地,大沙漠-沙地,大沙漠-沙地,大沙漠-沙地,大沙漠-沙地,大沙漠-沙地,大沙漠-沙地,大沙漠-沙地,大沙漠-沙地,大沙漠-沙地,大沙漠-沙地,大沙漠-沙地,大沙漠-沙地,大沙漠-沙地,大沙漠-沙地,大沙漠-沙地,大沙漠-沙地,,,,,古湖盆地-草地,古湖盆地-草地,古湖盆地-草地,古湖盆地-麦田,古湖盆地-麦田,古湖盆地-麦田,古湖盆地-麦田,古湖盆地-麦田,古湖盆地-麦田,古湖盆地-麦田,古湖盆地-麦田,古湖盆地-麦田,古湖盆地-草地,古湖盆地-草地,古湖盆地-草地,古湖盆地-草地,古湖盆地-草地,古湖盆地-草地,古湖盆地-草地,,,,浊水沼泽-草地,浊水沼泽-稻田,浊水沼泽-稻田,浊水沼泽-稻田,浊水沼泽-稻田,浊水沼泽-草地,浊水沼泽-草地,浊水沼泽-草地,浊水沼泽-草地,浊水沼泽-草地,浊水沼泽-草地,浊水沼泽-草地,浊水沼泽-草地,浊水沼泽-草地,浊水沼泽-草地,浊水沼泽-草地,浊水沼泽-岸边
大沙漠-沙地,大沙漠-沙地,大沙漠-沙地,大沙漠-沙地,大沙漠-沙地,大沙漠-沙地,大沙漠-沙地,大沙漠-沙地,大沙漠-沙地,大沙漠-沙地,大沙漠-沙地,大沙漠-沙地,大沙漠-沙地,大沙漠-沙地,大沙漠-沙地,大沙漠-沙地,,,,绿洲营地-沙地,绿洲营地-瓜地,绿洲营地-草地,绿洲营地-岸边,,绿洲营地-桥,,绿洲营地-岸边,绿洲营地-草地,绿洲营地-瓜地,绿洲营地-沙地,,,,大沙漠-沙地,大沙漠-沙地,大沙漠-沙地,大沙漠-沙地,大沙漠-沙地,大沙漠-沙地,大沙漠-沙地,大沙漠-沙地,大沙漠-沙地,大沙漠-沙地,大沙漠-沙地,大沙漠-沙地,大沙漠-沙地,大沙漠-沙地,大沙漠-沙地,大沙漠-沙地,大沙漠-沙地,大沙漠-沙地,大沙漠-沙地,大沙漠-沙地,大沙漠-沙地,大沙漠-沙地,大沙漠-沙地,大沙漠-沙地,,,,古湖盆地-草地,古湖盆地-草地,古湖盆地-草地,古湖盆地-草地,古湖盆地-稻田,古湖盆地-稻田,古湖盆地-稻田,古湖盆地-稻田,古湖盆地-稻田,古湖盆地-稻田,古湖盆地-稻田,古湖盆地-稻田,古湖盆地-稻田,古湖盆地-草地,古湖盆地-草地,古湖盆地-草地,古湖盆地-草地,古湖盆地-草地,古湖盆地-草地,古湖盆地-草地,,,,浊水沼泽-草地,浊水沼泽-草地,浊水沼泽-草地,浊水沼泽-草地,浊水沼泽-草地,浊水沼泽-草地,浊水沼泽-草地,浊水沼泽-草地,浊水沼泽-草地,浊水沼泽-草地,浊水沼泽-草地,浊水沼泽-草地,浊水沼泽-草地,浊水沼泽-草地,浊水沼泽-草地,浊水沼泽-草地,浊水沼泽-岸边
大沙漠-沙地,大沙漠-沙地,大沙漠-沙地,大沙漠-沙地,大沙漠-沙地,大沙漠-沙地,大沙漠-沙地,大沙漠-沙地,大沙漠-沙地,大沙漠-沙地,大沙漠-沙地,大沙漠-沙地,大沙漠-沙地,大沙漠-沙地,大沙漠-沙地,大沙漠-沙地,,,,绿洲营地-沙地,绿洲营地-沙地,绿洲营地-遗迹,绿洲营地-岸边,绿洲营地-岸边,绿洲营地-医院,绿洲营地-岸边,绿洲营地-岸边,绿洲营地-重装店,绿洲营地-沙地,绿洲营地-沙地,,,,大沙漠-沙地,大沙漠-沙地,大沙漠-沙地,大沙漠-沙地,大沙漠-沙地,大沙漠-沙地,大沙漠-沙地,大沙漠-沙地,大沙漠-沙地,大沙漠-沙地,大沙漠-沙地,大沙漠-沙地,大沙漠-沙地,大沙漠-沙地,大沙漠-沙地,大沙漠-沙地,大沙漠-沙地,大沙漠-沙地,大沙漠-沙地,大沙漠-沙地,大沙漠-沙地,大沙漠-沙地,大沙漠-沙地,大沙漠-沙地,,,,古湖盆地-草地,古湖盆地-草地,古湖盆地-草地,古湖盆地-草地,古湖盆地-麦田,古湖盆地-麦田,古湖盆地-麦田,古湖盆地-麦田,古湖盆地-麦田,古湖盆地-麦田,古湖盆地-麦田,古湖盆地-麦田,古湖盆地-麦田,古湖盆地-草地,古湖盆地-草地,古湖盆地-草地,古湖盆地-草地,,,,,,,,,,,,,,,浊水沼泽-草地,,,,,,,,
大沙漠-沙地,大沙漠-沙地,大沙漠-沙地,大沙漠-沙地,大沙漠-沙地,大沙漠-沙地,大沙漠-沙地,大沙漠-沙地,大沙漠-沙地,大沙漠-沙地,大沙漠-沙地,大沙漠-沙地,大沙漠-沙地,大沙漠-沙地,大沙漠-沙地,大沙漠-沙地,,,,绿洲营地-沙地,绿洲营地-沙地,绿洲营地-草地,绿洲营地-草地,绿洲营地-草地,绿洲营地-警察局,绿洲营地-草地,绿洲营地-草地,绿洲营地-草地,绿洲营地-沙地,绿洲营地-沙地,,,,大沙漠-沙地,大沙漠-沙地,大沙漠-沙地,大沙漠-沙地,大沙漠-沙地,大沙漠-沙地,大沙漠-沙地,大沙漠-沙地,大沙漠-沙地,大沙漠-沙地,大沙漠-沙地,大沙漠-沙地,大沙漠-沙地,大沙漠-沙地,大沙漠-沙地,大沙漠-沙地,大沙漠-沙地,大沙漠-沙地,大沙漠-沙地,大沙漠-沙地,大沙漠-沙地,大沙漠-沙地,大沙漠-沙地,大沙漠-沙地,,,,古湖盆地-草地,古湖盆地-草地,古湖盆地-草地,古湖盆地-草地,古湖盆地-稻田,古湖盆地-稻田,古湖盆地-稻田,古湖盆地-稻田,古湖盆地-稻田,古湖盆地-稻田,古湖盆地-稻田,古湖盆地-稻田,古湖盆地-稻田,古湖盆地-草地,古湖盆地-草地,古湖盆地-草地,古湖盆地-草地,,,,,,,,,,,,,,,,,,,,,,,
大沙漠-沙地,大沙漠-沙地,大沙漠-沙地,大沙漠-沙地,大沙漠-沙地,大沙漠-沙地,大沙漠-沙地,大沙漠-沙地,大沙漠-沙地,大沙漠-沙地,大沙漠-沙地,大沙漠-沙地,大沙漠-沙地,大沙漠-沙地,大沙漠-沙地,大沙漠-沙地,,,,绿洲营地-沙地,绿洲营地-沙地,绿洲营地-沙地,绿洲营地-沙地,绿洲营地-瓜地,绿洲营地-牢房,绿洲营地-瓜地,绿洲营地-沙地,绿洲营地-沙地,绿洲营地-沙地,绿洲营地-沙地,,,,大沙漠-沙地,大沙漠-沙地,大沙漠-沙地,大沙漠-沙地,大沙漠-沙地,大沙漠-沙地,大沙漠-沙地,大沙漠-沙地,大沙漠-沙地,大沙漠-沙地,大沙漠-沙地,大沙漠-沙地,大沙漠-沙地,大沙漠-沙地,大沙漠-沙地,大沙漠-沙地,大沙漠-沙地,大沙漠-沙地,大沙漠-沙地,大沙漠-沙地,大沙漠-沙地,大沙漠-沙地,大沙漠-沙地,大沙漠-沙地,,,,古湖盆地-草地,古湖盆地-草地,古湖盆地-草地,古湖盆地-草地,古湖盆地-麦田,古湖盆地-麦田,古湖盆地-麦田,古湖盆地-麦田,古湖盆地-麦田,古湖盆地-麦田,古湖盆地-麦田,古湖盆地-麦田,古湖盆地-麦田,古湖盆地-草地,古湖盆地-草地,古湖盆地-草地,古湖盆地-草地,,,,,,,,,,,,,,,黑渊峡谷-洞穴,,,,,,,,
大沙漠-沙地,大沙漠-沙地,大沙漠-沙地,大沙漠-沙地,大沙漠-沙地,大沙漠-沙地,大沙漠-沙地,大沙漠-沙地,大沙漠-沙地,大沙漠-沙地,大沙漠-沙地,大沙漠-沙地,大沙漠-沙地,大沙漠-沙地,大沙漠-沙地,大沙漠-沙地,,,,绿洲营地-沙地,绿洲营地-沙地,绿洲营地-沙地,绿洲营地-沙地,绿洲营地-沙地,绿洲营地-沙地,绿洲营地-沙地,绿洲营地-沙地,绿洲营地-沙地,绿洲营地-沙地,绿洲营地-沙地,,,,大沙漠-沙地,大沙漠-沙地,大沙漠-沙地,大沙漠-沙地,大沙漠-沙地,大沙漠-沙地,大沙漠-沙地,大沙漠-沙地,大沙漠-沙地,大沙漠-沙地,大沙漠-沙地,大沙漠-沙地,大沙漠-沙地,大沙漠-沙地,大沙漠-沙地,大沙漠-沙地,大沙漠-沙地,大沙漠-沙地,大沙漠-沙地,大沙漠-沙地,大沙漠-沙地,大沙漠-沙地,大沙漠-沙地,大沙漠-沙地,,,,古湖盆地-草地,古湖盆地-草地,古湖盆地-草地,古湖盆地-草地,古湖盆地-稻田,古湖盆地-稻田,古湖盆地-稻田,古湖盆地-稻田,古湖盆地-稻田,古湖盆地-稻田,古湖盆地-稻田,古湖盆地-稻田,古湖盆地-稻田,古湖盆地-草地,古湖盆地-草地,古湖盆地-草地,古湖盆地-草地,,,,,,,,,黑渊峡谷-洞穴,黑渊峡谷-洞穴,黑渊峡谷-洞穴,黑渊峡谷-洞穴,黑渊峡谷-洞穴,,黑渊峡谷-洞穴,,,,,,,,
大沙漠-沙地,大沙漠-沙地,大沙漠-沙地,大沙漠-沙地,大沙漠-沙地,大沙漠-沙地,大沙漠-沙地,大沙漠-沙地,大沙漠-沙地,大沙漠-沙地,大沙漠-沙地,大沙漠-沙地,大沙漠-沙地,大沙漠-沙地,大沙漠-沙地,大沙漠-沙地,,,,,,,,,,,,,,,,,,大沙漠-沙地,大沙漠-沙地,大沙漠-沙地,大沙漠-沙地,大沙漠-沙地,大沙漠-沙地,大沙漠-沙地,大沙漠-沙地,大沙漠-沙地,大沙漠-沙地,大沙漠-沙地,大沙漠-沙地,大沙漠-沙地,大沙漠-沙地,大沙漠-沙地,大沙漠-沙地,大沙漠-沙地,大沙漠-沙地,大沙漠-沙地,大沙漠-沙地,大沙漠-沙地,大沙漠-沙地,大沙漠-沙地,大沙漠-沙地,大沙漠-沙地,,古湖盆地-草地,古湖盆地-草地,古湖盆地-草地,古湖盆地-草地,古湖盆地-草地,古湖盆地-草地,古湖盆地-草地,古湖盆地-草地,古湖盆地-草地,古湖盆地-草地,古湖盆地-草地,古湖盆地-草地,古湖盆地-草地,古湖盆地-草地,古湖盆地-草地,古湖盆地-草地,古湖盆地-草地,古湖盆地-草地,古湖盆地-草地,,黑渊峡谷-洞穴,黑渊峡谷-洞穴,黑渊峡谷-洞穴,黑渊峡谷-洞穴,黑渊峡谷-洞穴,黑渊峡谷-洞穴,黑渊峡谷-洞穴,,,黑渊峡谷-洞穴,黑渊峡谷-洞穴,黑渊峡谷-洞穴,黑渊峡谷-洞穴,黑渊峡谷-洞穴,黑渊峡谷-洞穴,,,,,,
大沙漠-沙地,大沙漠-沙地,大沙漠-沙地,大沙漠-沙地,大沙漠-沙地,大沙漠-沙地,大沙漠-沙地,大沙漠-沙地,大沙漠-沙地,大沙漠-沙地,大沙漠-沙地,大沙漠-沙地,大沙漠-沙地,大沙漠-沙地,大沙漠-沙地,大沙漠-沙地,,,,,,,,,,,,,,,,,,大沙漠-沙地,大沙漠-沙地,大沙漠-沙地,大沙漠-沙地,大沙漠-沙地,大沙漠-沙地,大沙漠-沙地,大沙漠-沙地,大沙漠-沙地,大沙漠-沙地,大沙漠-沙地,大沙漠-沙地,大沙漠-沙地,大沙漠-沙地,大沙漠-沙地,大沙漠-沙地,大沙漠-沙地,大沙漠-沙地,大沙漠-沙地,大沙漠-沙地,大沙漠-沙地,大沙漠-沙地,大沙漠-沙地,大沙漠-沙地,,,,古湖盆地-草地,古湖盆地-草地,古湖盆地-草地,古湖盆地-草地,古湖盆地-草地,古湖盆地-草地,古湖盆地-草地,古湖盆地-草地,古湖盆地-草地,古湖盆地-草地,古湖盆地-草地,古湖盆地-草地,古湖盆地-草地,古湖盆地-草地,古湖盆地-草地,古湖盆地-草地,古湖盆地-草地,,,,,,,,,,,,,,,,,黑渊峡谷-洞穴,,,,,,
,,,,,,,大沙漠-沙地,大沙漠-沙地,大沙漠-沙地,大沙漠-沙地,大沙漠-沙地,大沙漠-沙地,大沙漠-沙地,大沙漠-沙地,大沙漠-沙地,,,,,,,,,,,,,,,,,,大沙漠-沙地,大沙漠-沙地,大沙漠-沙地,大沙漠-沙地,大沙漠-沙地,大沙漠-沙地,大沙漠-沙地,大沙漠-沙地,大沙漠-沙地,大沙漠-沙地,大沙漠-沙地,大沙漠-沙地,大沙漠-沙地,大沙漠-沙地,大沙漠-沙地,大沙漠-沙地,大沙漠-沙地,大沙漠-沙地,大沙漠-沙地,大沙漠-沙地,大沙漠-沙地,大沙漠-沙地,大沙漠-沙地,大沙漠-沙地,,,,古湖盆地-草地,古湖盆地-草地,古湖盆地-草地,古湖盆地-草地,古湖盆地-草地,古湖盆地-草地,古湖盆地-草地,古湖盆地-草地,古湖盆地-草地,古湖盆地-草地,古湖盆地-草地,古湖盆地-草地,古湖盆地-草地,古湖盆地-草地,古湖盆地-草地,古湖盆地-草地,古湖盆地-草地,,,,黑渊峡谷-山地,黑渊峡谷-山地,黑渊峡谷-山地,黑渊峡谷-山地,黑渊峡谷-山地,黑渊峡谷-山地,黑渊峡谷-山地,黑渊峡谷-山地,黑渊峡谷-山地,黑渊峡谷-山地,黑渊峡谷-山地,黑渊峡谷-山地,黑渊峡谷-山地,黑渊峡谷-山地,黑渊峡谷-山地,黑渊峡谷-山地,黑渊峡谷-山地,黑渊峡谷-山地,黑渊峡谷-山地,黑渊峡谷-山地
,,,,,,,大沙漠-沙地,大沙漠-沙地,大沙漠-沙地,大沙漠-沙地,大沙漠-沙地,大沙漠-沙地,大沙漠-沙地,大沙漠-沙地,大沙漠-沙地,大沙漠-沙地,大沙漠-沙地,大沙漠-沙地,大沙漠-沙地,大沙漠-沙地,大沙漠-沙地,大沙漠-沙地,大沙漠-沙地,大沙漠-沙地,大沙漠-沙地,大沙漠-沙地,大沙漠-沙地,大沙漠-沙地,大沙漠-沙地,大沙漠-沙地,大沙漠-沙地,大沙漠-沙地,大沙漠-沙地,大沙漠-沙地,大沙漠-沙地,大沙漠-沙地,大沙漠-沙地,大沙漠-沙地,大沙漠-沙地,大沙漠-沙地,大沙漠-沙地,大沙漠-沙地,大沙漠-沙地,大沙漠-沙地,大沙漠-沙地,大沙漠-沙地,大沙漠-沙地,大沙漠-沙地,大沙漠-沙地,大沙漠-沙地,大沙漠-沙地,大沙漠-沙地,大沙漠-沙地,大沙漠-沙地,大沙漠-沙地,大沙漠-沙地,,,,古湖盆地-草地,古湖盆地-草地,古湖盆地-草地,古湖盆地-草地,古湖盆地-草地,古湖盆地-草地,古湖盆地-草地,古湖盆地-草地,古湖盆地-草地,古湖盆地-草地,古湖盆地-草地,古湖盆地-草地,古湖盆地-草地,古湖盆地-草地,古湖盆地-草地,古湖盆地-草地,古湖盆地-草地,,,,黑渊峡谷-山地,黑渊峡谷-山地,黑渊峡谷-山地,黑渊峡谷-山地,黑渊峡谷-山地,黑渊峡谷-山地,黑渊峡谷-山地,黑渊峡谷-山地,黑渊峡谷-山地,黑渊峡谷-山地,黑渊峡谷-山地,黑渊峡谷-山地,黑渊峡谷-山地,黑渊峡谷-山地,黑渊峡谷-山地,黑渊峡谷-山地,黑渊峡谷-山地,黑渊峡谷-山地,黑渊峡谷-山地,黑渊峡谷-山地
遗迹-沙地,遗迹-沙地,遗迹-沙地,遗迹-沙地,遗迹-沙地,,,大沙漠-沙地,大沙漠-沙地,大沙漠-沙地,大沙漠-沙地,大沙漠-沙地,大沙漠-沙地,大沙漠-沙地,大沙漠-沙地,大沙漠-沙地,大沙漠-沙地,大沙漠-沙地,大沙漠-沙地,大沙漠-沙地,大沙漠-沙地,大沙漠-沙地,大沙漠-沙地,大沙漠-沙地,大沙漠-沙地,大沙漠-沙地,大沙漠-沙地,大沙漠-沙地,大沙漠-沙地,大沙漠-沙地,大沙漠-沙地,大沙漠-沙地,大沙漠-沙地,大沙漠-沙地,大沙漠-沙地,大沙漠-沙地,大沙漠-沙地,大沙漠-沙地,大沙漠-沙地,大沙漠-沙地,大沙漠-沙地,大沙漠-沙地,大沙漠-沙地,大沙漠-沙地,大沙漠-沙地,大沙漠-沙地,大沙漠-沙地,大沙漠-沙地,大沙漠-沙地,大沙漠-沙地,大沙漠-沙地,大沙漠-沙地,大沙漠-沙地,大沙漠-沙地,大沙漠-沙地,大沙漠-沙地,大沙漠-沙地,,,,古湖盆地-草地,古湖盆地-草地,古湖盆地-草地,古湖盆地-草地,古湖盆地-草地,古湖盆地-草地,古湖盆地-草地,古湖盆地-草地,古湖盆地-草地,古湖盆地-草地,古湖盆地-草地,古湖盆地-草地,古湖盆地-草地,古湖盆地-草地,古湖盆地-草地,古湖盆地-草地,古湖盆地-草地,,,,黑渊峡谷-山地,黑渊峡谷-山地,黑渊峡谷-山地,黑渊峡谷-山地,黑渊峡谷-山地,黑渊峡谷-山地,黑渊峡谷-山地,黑渊峡谷-山地,黑渊峡谷-山地,黑渊峡谷-山地,黑渊峡谷-山地,黑渊峡谷-山地,黑渊峡谷-山地,黑渊峡谷-山地,黑渊峡谷-山地,黑渊峡谷-山地,黑渊峡谷-山地,黑渊峡谷-山地,黑渊峡谷-山地,黑渊峡谷-山地
遗迹-沙地,,,,遗迹-沙地,,,大沙漠-沙地,大沙漠-沙地,大沙漠-沙地,大沙漠-沙地,大沙漠-沙地,大沙漠-沙地,大沙漠-沙地,大沙漠-沙地,大沙漠-沙地,大沙漠-沙地,大沙漠-沙地,大沙漠-沙地,大沙漠-沙地,大沙漠-沙地,大沙漠-沙地,大沙漠-沙地,大沙漠-沙地,大沙漠-沙地,大沙漠-沙地,大沙漠-沙地,大沙漠-沙地,大沙漠-沙地,大沙漠-沙地,大沙漠-沙地,大沙漠-沙地,大沙漠-沙地,大沙漠-沙地,大沙漠-沙地,大沙漠-沙地,大沙漠-沙地,大沙漠-沙地,大沙漠-沙地,大沙漠-沙地,大沙漠-沙地,大沙漠-沙地,大沙漠-沙地,大沙漠-沙地,大沙漠-沙地,大沙漠-沙地,大沙漠-沙地,大沙漠-沙地,大沙漠-沙地,大沙漠-沙地,大沙漠-沙地,大沙漠-沙地,大沙漠-沙地,大沙漠-沙地,大沙漠-沙地,大沙漠-沙地,大沙漠-沙地,,,,古湖盆地-草地,古湖盆地-草地,古湖盆地-草地,古湖盆地-草地,古湖盆地-草地,古湖盆地-草地,古湖盆地-草地,古湖盆地-草地,古湖盆地-草地,古湖盆地-草地,古湖盆地-草地,古湖盆地-草地,古湖盆地-草地,古湖盆地-草地,古湖盆地-草地,古湖盆地-草地,古湖盆地-草地,,,,黑渊峡谷-山地,黑渊峡谷-山地,黑渊峡谷-山地,黑渊峡谷-山地,黑渊峡谷-山地,黑渊峡谷-山地,黑渊峡谷-山地,黑渊峡谷-山地,黑渊峡谷-山地,黑渊峡谷-山地,黑渊峡谷-山地,黑渊峡谷-山地,黑渊峡谷-山地,黑渊峡谷-山地,黑渊峡谷-山地,黑渊峡谷-山地,黑渊峡谷-山地,黑渊峡谷-山地,黑渊峡谷-山地,黑渊峡谷-山地
遗迹-沙地,遗迹-沙地,遗迹-通天塔,,遗迹-沙地,,,大沙漠-沙地,大沙漠-沙地,大沙漠-沙地,大沙漠-沙地,大沙漠-沙地,大沙漠-沙地,大沙漠-沙地,大沙漠-沙地,大沙漠-沙地,大沙漠-沙地,大沙漠-沙地,大沙漠-沙地,大沙漠-沙地,大沙漠-沙地,大沙漠-沙地,大沙漠-沙地,大沙漠-沙地,大沙漠-沙地,大沙漠-沙地,大沙漠-沙地,大沙漠-沙地,大沙漠-沙地,大沙漠-沙地,大沙漠-沙地,大沙漠-沙地,大沙漠-沙地,大沙漠-沙地,大沙漠-沙地,大沙漠-沙地,大沙漠-沙地,大沙漠-沙地,大沙漠-沙地,大沙漠-沙地,大沙漠-沙地,大沙漠-沙地,大沙漠-沙地,大沙漠-沙地,大沙漠-沙地,大沙漠-沙地,大沙漠-沙地,大沙漠-沙地,大沙漠-沙地,大沙漠-沙地,大沙漠-沙地,大沙漠-沙地,大沙漠-沙地,大沙漠-沙地,大沙漠-沙地,大沙漠-沙地,大沙漠-沙地,,,,,古湖盆地-草地,古湖盆地-草地,古湖盆地-草地,古湖盆地-草地,古湖盆地-草地,古湖盆地-草地,古湖盆地-草地,古湖盆地-草地,古湖盆地-草地,古湖盆地-草地,古湖盆地-草地,古湖盆地-草地,古湖盆地-草地,古湖盆地-草地,古湖盆地-草地,,,,,,,,,黑渊峡谷-洞穴,,,,,,,,,,,,,,,
,,,,遗迹-沙地,,,大沙漠-沙地,大沙漠-沙地,大沙漠-沙地,大沙漠-沙地,大沙漠-沙地,大沙漠-沙地,大沙漠-沙地,大沙漠-沙地,大沙漠-沙地,大沙漠-沙地,大沙漠-沙地,大沙漠-沙地,大沙漠-沙地,大沙漠-沙地,大沙漠-沙地,大沙漠-沙地,大沙漠-沙地,大沙漠-沙地,大沙漠-沙地,大沙漠-沙地,大沙漠-沙地,大沙漠-沙地,大沙漠-沙地,大沙漠-沙地,大沙漠-沙地,大沙漠-沙地,大沙漠-沙地,大沙漠-沙地,大沙漠-沙地,大沙漠-沙地,大沙漠-沙地,大沙漠-沙地,大沙漠-沙地,大沙漠-沙地,大沙漠-沙地,大沙漠-沙地,大沙漠-沙地,大沙漠-沙地,大沙漠-沙地,大沙漠-沙地,大沙漠-沙地,大沙漠-沙地,大沙漠-沙地,大沙漠-沙地,大沙漠-沙地,大沙漠-沙地,大沙漠-沙地,大沙漠-沙地,大沙漠-沙地,大沙漠-沙地,,,,,,古湖盆地-草地,古湖盆地-草地,古湖盆地-草地,古湖盆地-草地,古湖盆地-草地,古湖盆地-草地,古湖盆地-草地,古湖盆地-草地,古湖盆地-草地,古湖盆地-草地,古湖盆地-草地,古湖盆地-草地,古湖盆地-草地,,,,,,,,黑渊峡谷-洞穴,黑渊峡谷-洞穴,黑渊峡谷-洞穴,黑渊峡谷-洞穴,,黑渊峡谷-洞穴,黑渊峡谷-洞穴,黑渊峡谷-洞穴,黑渊峡谷-洞穴,黑渊峡谷-洞穴,黑渊峡谷-洞穴,黑渊峡谷-洞穴,黑渊峡谷-洞穴,黑渊峡谷-洞穴,黑渊峡谷-洞穴,黑渊峡谷-洞穴,黑渊峡谷-洞穴,黑渊峡谷-洞穴
遗迹-岸边,遗迹-沙地,遗迹-沙地,遗迹-沙地,遗迹-沙地,,,大沙漠-沙地,大沙漠-沙地,大沙漠-沙地,大沙漠-沙地,大沙漠-沙地,大沙漠-沙地,大沙漠-沙地,大沙漠-沙地,大沙漠-沙地,大沙漠-沙地,大沙漠-沙地,大沙漠-沙地,大沙漠-沙地,大沙漠-沙地,大沙漠-沙地,大沙漠-沙地,大沙漠-沙地,大沙漠-沙地,大沙漠-沙地,大沙漠-沙地,大沙漠-沙地,大沙漠-沙地,大沙漠-沙地,大沙漠-沙地,大沙漠-沙地,大沙漠-沙地,大沙漠-沙地,大沙漠-沙地,大沙漠-沙地,大沙漠-沙地,大沙漠-沙地,大沙漠-沙地,大沙漠-沙地,大沙漠-沙地,大沙漠-沙地,大沙漠-沙地,大沙漠-沙地,大沙漠-沙地,大沙漠-沙地,大沙漠-沙地,大沙漠-沙地,大沙漠-沙地,大沙漠-沙地,大沙漠-沙地,大沙漠-沙地,大沙漠-沙地,大沙漠-沙地,大沙漠-沙地,大沙漠-沙地,大沙漠-沙地,,,,,,,古湖盆地-草地,古湖盆地-草地,古湖盆地-草地,古湖盆地-草地,古湖盆地-草地,古湖盆地-草地,古湖盆地-草地,古湖盆地-草地,古湖盆地-草地,古湖盆地-草地,古湖盆地-草地,,,,,,,,,,,,黑渊峡谷-洞穴,黑渊峡谷-洞穴,黑渊峡谷-洞穴,,,,黑渊峡谷-洞穴,黑渊峡谷-洞穴,黑渊峡谷-洞穴,黑渊峡谷-洞穴,黑渊峡谷-洞穴,黑渊峡谷-洞穴,黑渊峡谷-洞穴,黑渊峡谷-洞穴,黑渊峡谷-洞穴